,Site
0,6lhoxcgv3t5ef7qy.onion/keksec
1,http://legionhiden4dqh4.onion/index.php?action=login
2,fire.onion
3,yuxv6qujajqvmypv.onion
4,http://qdspecqnh2gi4ydo.onion/wiki/Telecomix
5,DeepDot35Wvmeyd5.onion
6,http://chanceaxm2eaygkx.onion/
7,hackersllc.onion
8,dd_smixer.pwned.onion
9,http://marianavr3tjsyn3.onion/
10,google.onion
11,x.onion
12,fuckthepolice.onion
13,fuckthepolice.onion
14,anonops532vcpz6z.onion
15,anonops532vcpz6z.onion
16,(.onion
17,https://armdzvcnd63t3k2i.onion.to/chat.php
18,https://exoduockgfq3ikf7.onion.link/index.php
19,http://torbox3uiot6wchz.onion/
20,http://lelantoss7bcnwbv.onion/
21,http://sinbox4ywhkabur3.onion/
22,onionlandbakyt3j.onion
23,http://j5jqawdmpf43236g.onion/
24,[Agent@Hidden-Wiki.Darknet.Core.onion]
25,[Agent@Hidden-Wiki.Darknet.Core.onion]
26,http://7haz75ietrhjds3j.onion/main3.php
27,http://satan6dll23napb5.onion/login
28,http://torpress2sarn7xw.onion
29,http://torvps7kzis5ujfz.onion
30,anonops532vcpz6z.onion
31,birdhat@torbox3uiot6wchz.onion
32,anonymousoffical@torbox3uiot6wchz.onion
33,[stardust@material.onion]
34,[stardust@material.onion]
35,http://zqktlwi4fecvo6ri.onion/wiki/index.php/Main_Page
36,'TOR.onion'
37,"SOCKS4A:localhost:dt7tvj2phb6vfkao.onion:3306,socksport=9050"
38,"SOCKS4A:localhost:tor.onion:3306,socksport=9050"
39,TOR.onion
40,'dt7tvj2phb6vfkao.onion'
41,'555.onion'
42,gf2juatsqdph6x2h.onion
43,http://blkbook3fxhcsn3u.onion/
44,http://pnxauh22krzb5xso.onion/
45,http://digigangxiehugqk.onion/
46,http://2ogmrlfzdthnwkez.onion/
47,http://pnxauh22krzb5xso.onion/
48,http://kpynyvym6xqi7wz2.onion/files.html
49,http://empiremktxgjovhm.onion
50,http://honmnaapxzpk2rg7.onion/linklist.txt
51,http://unixoxxq4runzrmg.onion/
52,gi35chi2liqrfryj.onion
53,empiremktxgjovhm.onion
54,unixoxxq4runzrmg.onion
55,[ILS@TorSEC.onion]
56,[ILS@TorSEC.onion]
57,[ILS@TorSEC.onion]
58,[ILS@TorSEC.onion]
59,[ILS@TorSEC.onion]
