LoginID,Logins
webirc,8902
Hex,2165
twelve,1787
Ace,1699
native,1685
Mutter,1640
androirc,1273
resistant,999
S1rLancelot,959
shes,861
scribbler,855
root,809
John297,807
doe896,802
NOPLama,791
maxmuster,766
Riotday,717
Android,691
Dzl,672
W4RL0RD,662
EvilAnons,625
target,614
textual,608
__desu__3,607
HAL,572
mickers,563
ranbo2,559
oida,544
Semtex,507
VEGA,505
gmago,476
quassel,475
emma,466
mercy,465
user,457
ajak,457
peak,456
S1gh7,427
kosmos,427
L1gh7,419
fatalhalt,408
Whoops,402
disorder,399
Winston,395
Condor,388
stephen,380
logical,349
ilt,340
S0ldierF0re,339
Unknown,335
exp,330
.,329
karigar,325
hello,317
drasnah,304
colmustard,304
r00t,302
bastard,294
dafuq,291
anona,283
remote,280
frost,278
kernelpanic,275
cip,272
spacefan,270
why,267
spider876,267
snap,266
Anon,260
irishsec,254
NopeOut,252
Typhon,250
k,249
someone,246
dawg,243
anon_lulz,241
Beowulf,241
c,237
me,236
uz3r,235
devbaka,228
dmt,224
pi,223
just,222
dolly,219
zguy300,218
home,218
Ice,215
ntwc,214
steven,213
anakin,212
taibehax,209
dsr,209
n3m3sys,208
drezet,206
malware,204
n_,202
Philip_J_Fr,200
brute,195
ClaudiaD,195
Stephen,193
a,191
GoFuck,189
NeoHacktivi,188
mickey,185
tempest,182
pack3tz,180
hip,180
fractal,178
wa7ch,178
re,175
Hydr4_,172
RUA1orA0,169
arc3v1l,169
MoarLeax,169
Mercy,167
offs3tzer0,167
gorias,162
goaway,162
rtvdrv,161
toolate,161
AndChat1124,158
DogmaCreed,154
prap,152
l0new0lf,150
torbits,148
satan,148
_scriptbitc,148
abradolf,146
alex,145
AndChat3185,142
kerosene,142
Iggy,142
tonkpils,141
breth,137
Mavis,136
Mencomot,136
whoami,135
purring,134
lazy,134
devc,132
Mr_Keyser_S,132
Join.my,131
AhZ,131
Unbe,131
b4ph0met,130
scriptkiddo,130
LoganAyala,129
irishsec___,129
target_,129
idk,129
jereny12,127
s1xteen,127
x,126
yaaic,126
some,126
xeon,126
Nihilism,124
niv,124
anon,121
chucklz,120
discobash,120
AndChat1625,120
RaDiCaLiSt,119
mix,119
DMT,118
NewGuy,118
psychopath,117
come,116
multithr3d,116
LevAnon,116
zcv,115
UrNana,114
zebra,113
kpax,112
zappy,112
SynthMesc,111
Aech,111
mint,111
ishmael,111
cianigger,111
pequod,110
ethernaut,109
anonkek,109
gh0st,108
novak,108
H,108
AnonStand,107
Adon,106
esc,106
AzoozVirus,105
JHistone,105
Banksy,105
Darkmans,104
n3ws3r,104
Dybbuk,104
systemctl,104
OCSanic,104
boffin,104
iam,103
tAise,102
low3,102
hashcookie,101
ric0,101
chatzilla,101
pf100,99
newera,99
Sayano,98
_dwong879,98
aghular,98
Phazor,98
cyanic___,96
Jon_snow,95
i.,94
{Blank],94
dinner,94
Firecore,93
dd,93
NDDr0ner,93
SteppenWolf,93
kabam,92
FROGSKINS,92
admin,91
Fever,91
Henryk,90
RiggedHorro,89
drakoniano,87
zippy,87
Loy,86
fish,86
my.love,85
cookie,84
MT,84
bloodmoney,83
jester,83
Quinn,83
Meow,82
idow,80
CrazyParrot,80
keddy,80
unknown,80
thundercunt,80
sdfhoshfo,79
pocket,78
Molly,77
zipadee,76
Sakkinen,76
Anonymous,76
flawn,76
DefiantDave,75
soul,75
titihz5,75
Its,74
Admin,74
G3nn1,74
re4per,73
The_Snowman,72
devil260,72
Demonio,72
solar5,71
Llocker,71
Podyzilla,71
ings,71
m00ky,71
guapo,71
VIP,70
HabbaZ,70
TechnoRabbi,70
aris,70
TheEmperor,69
anonj,69
nilzomania,68
dd_,68
B3stofy0u,68
Eschiclers,67
MaxxRamm,67
hanss,67
magnum,67
LulzBoat,67
v1,66
ice231,66
gala,66
Skyrim,66
nitew,66
guccibebe,66
AndChat1506,66
HarryPuffer,65
kaizoku,65
BFMbro,65
cheeks,64
minimize,64
COINTELPRO,64
storm,64
rangotail,63
stack,63
phax,63
eleven,63
LiTeRs500,63
razepunk,63
basher,62
Bits,62
CPR,62
mazoku,61
very,61
diapir,61
irc,61
Indy,61
m157r0,60
mthr3d,60
DangerM,60
spacedog,60
nautilus,60
the_w1cked_,60
steenman,60
fuck,60
zerochill,60
Ten,59
woot,59
MoarKek,59
the,59
ansivirus,59
Grimes,59
AndChat4572,59
eth666,58
orca,58
Gallum,58
lulz,57
Lazare,57
cherry,57
vaisra,57
xcuriousx,57
k1r4,57
Mandrake,57
helper,57
127.0.0.1,56
WizJin,56
kresdum,56
reba,56
devilboy,56
Hedylogos,56
Case,56
reverse,56
chloride,56
AndChat2205,55
boomHeadSho,55
keisha,55
EvilHero,55
User,55
biohazard,54
volk,54
GroundZero,54
dogcatfee,54
bi0h4z4rd,54
Blod,54
sebastian,54
Ar0n,54
semtex,53
oss,53
anonymous,53
ILS,53
afan,53
elflock,53
nemesys,52
expanding,52
frisco,52
digress,52
zDarkSoulz,52
sheldon,52
psouth,52
darko,51
superstar_k,51
greypack,51
KernelPanic,51
Autismus,51
FROG.SKINS,51
CrazyAtom,50
john,50
functions,50
CarpeDiem,50
TheOffsprin,50
Irishsec___,50
Agent901,50
M,50
pythagoras,49
EdenBlood,49
romeoprico,49
miss.m,49
rute,49
ranivorous,49
for,49
DeFacto,48
Ragnarok,48
firef,48
60355a,48
FlakeyBake,48
oxford,48
pathos,48
ANON_BLUETI,48
Real,47
cryptcat,47
n16ht5h4d0w,47
Fuck,47
r0073d,47
elebuwa,47
D0Wh1l3EndO,47
DarkMans,46
hometeam,46
I,46
sapey,46
snouted,46
scrp,46
Lloicer,46
Djang0,46
nhoj,46
sluggo,46
hecc,46
fl0key,45
t3mp3st,45
pot,45
dew,45
ununtrium,45
red-team,45
Overclocked,45
watsonjar,45
f33_,44
integrity_,44
ssacl,44
an0ndawg,44
RunLevelZer,44
cyanic,44
Skelegypsy,44
HAM,44
ossuducri,43
agent99,43
smallbird,43
PsyclOps,43
freeyourhea,43
PsychoStick,43
Elite20696,43
Enitin,43
TorSEC,42
cleanOS,42
kvirc,42
Owner,42
case,42
p4nz3rr,42
ninja_cat_s,41
tempest-,41
strike4ce,41
derp,41
BillsPC,41
sakimi,41
dravis,41
arank,41
guest,41
camera,41
ipwn,40
guru13637,40
BlackHat,40
outsider,40
GreyXor,40
Reliix,40
H4RRY,40
OmidraX,40
taiga,39
ninjak,39
T7emon,39
roboy3,39
CheshireCat,39
pad,39
Mort,39
Mr5aint,39
o_0,39
AOkay,39
risk,39
xclmrk,39
ghetto,39
vyro,39
ScP,39
Bottlenekdo,39
Huno,39
Alexander,39
muttley,39
d,39
khunbish,38
mib,38
mark,38
loop,38
margu,38
xakep,38
AndChat3382,38
phraxos,37
zunoish,37
wubbalubba,37
chemist,36
kitty,36
Hermes,36
acacia,36
logiX,36
JoskaPista,36
COLD.,36
Tempest,36
gecko,36
oiuoiu,36
dave,36
Ripper,36
limbo,36
z.ippy,36
Krypton,35
LucidBytes,35
hiraeth,35
kettle,35
ace,35
lulzface,35
roadrunner,35
Bloody,35
Tech936,35
razor_shift,35
SDMF,35
ic3cube,34
IBLIS,34
z,34
I.,34
skypirate,34
lary_host,34
qbit,34
Screamfox2,34
UserOne,34
frosted,34
nkill,34
Ultra,34
Zeybot,33
z0min,33
Seneca,33
Sir,33
raiz,33
HollowRiddl,33
hyph3n,33
bitchtits,33
ayeitsEFF,33
syl3nt,33
Zerodomin,32
l,32
mister,32
Mavverick,32
ThePhoenix,32
B4nksy,32
AnonWas,32
cheshirecat,32
reaper,32
pr0ton,32
freeme,32
pul53,32
AnonNia,32
negative,31
WC,31
bitch,31
HERO,31
Pluto8,31
philo,31
Sancti,31
elle,31
SmeDeen,31
tesla,31
data,31
Soar,31
proph3t,31
sho_0es,30
Shadow120,30
LuciferLegi,30
DeTH,30
Serena,30
aaa,30
black,30
zeta,30
g0d,30
EpixP0ison,30
kod,30
xe,30
stupidcatfa,30
kry,30
ghost,30
gr8m010ch,30
L,30
al,30
MI-Team,29
charlatan,29
bullet,29
Jospeh,29
lolcak3,29
Jack87,29
kek,29
Anonops,29
redfusion,29
nalpha,29
jmf,29
Velveeta,29
LEGION,28
nihil73,28
ugly,28
whoiz,28
taru,28
hotwheels,28
p44,28
nsa,28
L-User,28
Arka0s,28
r0bby,28
anontech,28
ozric,28
hl_11jp,28
in4tehkil,28
evilbot,28
wibo,27
cybersilenc,27
CandyMan,27
allure,27
tylus,27
Sep0rat,27
lucidbytes,27
KDK,27
ara,27
M3ta7h3r34L,27
sclor,27
wizard,27
AndChat2541,27
shadowleaf,27
Lazarus,27
senseN0sens,27
hey,27
Babd_Catha,27
Wouldntulik,27
Zerochill,27
zed,27
ettor,26
nix,26
TheEnvious,26
RobJones117,26
TeaSpoon,26
K1rby,26
plev,26
Magris,26
stuntcock,26
neo,26
Thanos3,26
busyboy,26
Atadon,26
Shadowmoon,26
ubuntu,26
hera,26
fermionic,26
BitzMcGreed,26
Lisa,25
zanon,25
electron,25
rawrcorp,25
t1nto,25
Sezzla,25
matthiasgil,25
P4nz3R,25
aclscscc,25
scriptbitch,25
AndChat2164,25
bast901,25
zombie,25
Idle,25
Farshidroid,25
ok,25
asd123,25
ufunnyB,25
luzy,25
Uranolol,25
all_throw,25
eskii,25
trez,24
ayyildiz,24
erso,24
fon,24
halogens,24
pidof,24
v01d,24
prudent,24
max,24
L1,24
ks9c9,24
strelka579,24
tom,24
mugg,24
nothing,24
jase3232,24
111,24
Emma,24
pr0m37h3u5,24
AsiNinE,24
Myth,24
u0_a111,24
bob,24
jcfs,24
ubi,24
mafia,24
blizzaria,24
IdkLmao,23
nullsign,23
gaydolphin,23
Hornet,23
nobody,23
moonrocks,23
TehLuLz,23
m0l0,23
bofh,23
r-12,23
aa,23
GLDA,23
shadowme,23
paradice,23
heroin,23
ExPl01d,23
Hexagon,23
Agent101,23
dee_two,23
greener,23
r00tk1d,23
LOL,23
IBeqDWavY,23
Moar-Leax,23
NotYourDope,22
viciousid,22
terrorista,22
vhx,22
Magnum,22
Anons,22
iroot,22
sibun,22
h33pG33k,22
what,22
Utilisateur,22
meltedsnow,22
2h1s,22
in.vis.able,22
cat,22
Altair,22
shakalaka,22
Revonymous,22
jmbd404,22
pollasito,22
xStream,22
Koshi,22
ethos,22
i,22
MrR0b07,21
Umbro__,21
localhost,21
Prime57,21
lost,21
potato,21
Xtrix,21
Yossarian,21
Defcon..,21
import,21
aaronSW,21
D3ath,21
lulzcart,21
target1,21
bird,21
spiff,21
Floww,21
revaa,21
Eleutheros,21
Auri,21
Edenblood,21
byte,21
4NuB15,21
n,20
phr34k,20
cx5,20
Abyss,20
catface,20
F-society,20
redzed29111,20
lucky1,20
icebreaker,20
MHM1,20
gredox3079,20
rated,20
88sqekk2,20
fu,20
Animosity,20
_null,20
Anathema,20
fox,20
blackmoney,20
od1n5un,20
levim,20
obliging,20
Mont,20
xeyes,20
MrSnowman,20
bobo,20
futurama,20
turp,20
WitchingHou,20
var,20
XO,20
Tech,20
farqual,19
upsS,19
Igssga,19
u0_a70,19
mejustme,19
vanantoh,19
v4v,19
thelegend27,19
LinuxWarrio,19
sctt,19
ShadowMask,19
zLMoHD,19
anonminx,19
VHS2A,19
russian,19
iamtheone23,19
ahz,19
Tramiv,19
oldb,19
_grackle_,19
groaaan,19
cutie,19
god,19
andro,19
FF,19
username,18
badcarbine,18
cow,18
eq_8,18
QUESTION,18
weechat,18
krypton_,18
Huu,18
kows,18
17352,18
KalibRx,18
pack3t,18
S1GSEGV,18
Techsupport,18
Di0gen3s,18
DovahKiin,18
nasken,18
192.0.0.1,18
axiom,18
jackson,18
LIZZARDS,18
dokonimo,18
themask_kee,18
ambitious,18
Gugalanna,18
nic0lat3sla,18
ajb,18
segal,18
Lucifer,18
mriwata,18
hswhtbr,18
erebus,18
netcat,18
PWE,18
Hamster,18
xds,18
holoirc,18
anonymousjp,18
gabriel,18
OxO,18
gefdikx,18
Obskur3,18
evelix,17
Amber,17
oem,17
merp,17
washford,17
bargain,17
iamgod,17
Gilgamesh,17
Tony,17
sempe,17
hog,17
theacheron,17
Don_Ehrenma,17
xfer,17
Noone,17
Palaver,17
NOPE,17
nebulous,17
dee-two,17
netlich,17
fmgts,17
purple,17
fly,17
gredoxx,17
Keagan,17
madhez,17
lol,17
DutchKid3,17
trustnobody,17
lulwhat,17
test,17
maddox,17
SanD_GraiN,17
8p0cA1yp53,17
kiwi,17
desu,17
greenPastur,17
Rav,17
dobby,16
systemd,16
hunter,16
frank,16
l0pid,16
LexT,16
noID,16
tnced,16
jackanapes,16
Jack,16
rmfrvbbud,16
eeZee,16
candy,16
knob,16
beginnervar,16
Kambirel,16
gh0st22,16
felix,16
R3VC0N,16
realname,16
bzcat,16
background,16
infinity,16
retr0,16
You,16
AndChat5492,16
GayTerroris,16
AndChat6696,16
AnonOps,16
Emperor,16
AndChat4052,16
fwiz9757,15
alldone3,15
Joshua_Grah,15
Optional,15
Universal,15
ChatZilla,15
frankenstei,15
PhenZen,15
skynet,15
hypnotic,15
belleville,15
default,15
farad,15
alphabae,15
zurok,15
Blodangb,15
passage,15
griz1,15
roboy,15
Rown,15
standard,15
mogul,15
pinoy_anon_,15
bread,15
bobosan,15
brb,15
T,15
n9uy3n,15
griz,15
laid,15
numbers,15
MRPink,15
dxd,15
Champa,15
isometry,15
dtt,15
kekz,15
drpizzahut,15
jumpy,15
juan,15
ocean,15
MultiColore,15
Frost4HD,15
jisus,15
saintbernar,15
another,15
anonxkeamy,15
krypton,15
Xi,15
Zaul_,15
bones,14
utah,14
no_fri3nds,14
ubiquitous,14
rover,14
GhostExo,14
gracie,14
leewdy,14
Cybruh,14
notaverage,14
darkr0ck3t,14
tri0n,14
Alli,14
kaaba,14
j4mfive,14
cryptomillz,14
Paix,14
anon13,14
anonymousid,14
whicharmnow,14
Bunz,14
PeterPan,14
wk,14
je2p,14
ErenJ,14
sean,14
Ethical-Hac,14
RageJedi,14
F,14
GanNonymous,14
RobData,14
StiG,14
imi,14
fc,14
potbrains,14
smyds,14
SuperBrw,14
e,14
pipe,14
flimwag,14
molality,14
silicon,14
dolphin,14
BeatbyAnony,14
H0PK1NS,14
Yk2Vd,14
_{DaRk0VeNo,14
prof_newb,14
Irilis,13
Angora,13
BigB,13
evilkit,13
Meron,13
victoriavil,13
RyoShin,13
rainman,13
sup_jesus,13
ssh,13
grasshopper,13
AndChat8988,13
flawz,13
jus2s16yn0r,13
referred,13
x3r0x,13
Conan,13
NA111,13
N9uy3n,13
WHOAMI,13
MrWizard,13
f.t.lulz,13
clumper,13
anarc_000,13
tehe,13
TradeMark,13
johnie,13
HAMMY,13
Anonpop,13
toto,13
texa,13
vitreous,13
nigger,13
ss,13
thick,13
pheonixconc,13
xc0de,13
oss6,13
0x3ch0,13
metrics,13
knight,13
phreak,13
dog,13
acquired...,13
yadda,13
Loyalist,13
sxmxc,13
Linu0x0c,13
bitters,13
fred.prole,13
Ghostnet12,13
devil,13
aarag0,13
Blofeld,13
Siamese,13
BasedSkid,13
Alice,13
wh04m1,13
dataminer,13
zombies,13
emm0,13
si0ux,13
Airedale,13
d3fault,13
blah,13
SyntaxxxErr,13
get_zika,13
not_webirc,13
erymanthos,13
BananaPeal,13
Voxi,12
treehugger,12
KEK,12
inity13,12
Eon,12
cruxxcyborg,12
Gilda,12
mrlordMZ,12
user01,12
urnan,12
thor456456,12
noname,12
kolaraki,12
Lumen,12
kitten,12
auryn,12
MaTkowsky,12
kiara,12
salvation,12
XPS,12
chimpanzee,12
notroot,12
chip,12
banana,12
bang_bang,12
Kolmogorov,12
x01a,12
tor,12
verax,12
zilberio,12
ElNegro,12
Zest,12
based,12
MrCha0s,12
since,12
AIscript,12
Web2Fuck,12
annoyingly,12
InkJoy,12
SpeedBall,12
Polybius,12
owl,12
Schnauzer,12
ILA,12
bishop,12
yourident,12
Semtech,12
Dope,12
Thunderbird,12
Snowball,12
JM172,12
Dachshund,12
spider,12
farg,12
hamburglar,12
h_three_plu,12
snowweb,12
seardev,12
bigbadwolf,12
peaches,12
orphium,12
icecre,12
S4P4,12
ila,12
ouroboros,12
Anonymous45,12
mosquito,12
wherearemyo,12
vrooo,12
Cyrius,11
kaligula,11
SavageLife,11
Seismic,11
squirrel,11
a3,11
TFJ,11
kebab,11
Saito,11
snake,11
Brian,11
foggy,11
shell,11
kullen3,11
wunpunch,11
pineapple,11
freesec,11
DimeloRubio,11
no_one,11
frinks,11
azorean,11
delac,11
sparrow,11
sol,11
Spawndemon,11
thewolf,11
ZealotSec,11
kisper,11
theorize,11
SHERIFF_BUF,11
-RivetHead,11
Xero07,11
F.U.C.K.U.,11
st,11
Einstein,11
talisker,11
President,11
Newfoundlan,11
Nhilism,11
electrode,11
BassetHound,11
eskek,11
skewedviewe,11
consider,11
MeCk,11
xunder,11
Penumbra303,11
crack_killz,11
crocodile,11
anon_x,11
Zoomiks,11
DeAdSecHack,11
insects,11
BitcoinBaro,11
jer,11
R4z3r654,11
jiaw,11
Anonymous-G,11
Devlin,11
pavornoc,11
V,11
Telvo,11
whatis,11
bXMxNzAxMA,11
yondax,11
Dreams,11
Exploit,11
filly,11
filli,11
parz1val,11
pancake,11
void,11
you,11
pacman,11
Rodri,11
muser,11
turtle,11
backbox,11
IrishSetter,11
ARobotKurva,11
Ilariosism,11
Hiraeth,11
Globy,11
meTa,11
bugguy,11
machise,11
rockZ,11
n3cr0cyb3r,11
Gabyhayes,11
mrsmith,11
brys,11
nescafe,11
net,11
Iron,11
Cand0r,11
buff,11
AnonSin15,10
rizzo,10
alphaone,10
para,10
observ3r,10
nazboo,10
octopus,10
0UID,10
Hans,10
uncitizen,10
stoner,10
jose,10
pixelpusher,10
giraffe,10
RedTallis,10
guest95656,10
chicken,10
datheist,10
Mar,10
Genetic,10
kangaroo,10
gngr,10
Basenji,10
hacktivist,10
reggie,10
Kira,10
Ichigo09,10
power,10
parapam3,10
Dorian66,10
oOzles,10
MichaelDang,10
Qwerty04,10
batmanzfa,10
slioch,10
Black,10
flummox,10
r00ter,10
Josh,10
DEXMachina,10
m00ds,10
in,10
deer,10
SuprTrlln,10
Giraffe,10
Cicada,10
Stifler,10
ubiquitous_,10
dell,10
phusion,10
SpazzGhost,10
boobobobo,10
Elite21387,10
sddm,10
creatoon,10
Bjorn,10
seal,10
c0de,10
jay,10
killer,10
TheFroggy,10
AnonSathira,10
_epsilon,10
3rso,10
inverness,10
fipso100,10
Terminal_Ra,10
r3wtz0r,10
mockingjay,10
is,10
countless,10
snail,10
Anti,10
_ABC,10
dont,10
ahn0st,10
pyn,10
stack_,10
Adventure,10
YY1,10
AVunit,10
Rocks,10
Wingnut,10
msgclnr,10
bad,10
vegeta,10
Dan,10
Greyhound,10
WolfCypher,10
prune,10
LUCIEFER,10
dox,10
We,10
nobb,10
anonzulu,9
Sheepdog,9
heretic,9
ficek,9
drask,9
geezus,9
Zer0NetPira,9
boyakasha,9
next,9
devlinsnstr,9
onofix_ONx,9
taal,9
Hello,9
AndChat1738,9
tango,9
Adium,9
Nemo,9
ClarkKent,9
yoto,9
Harshit,9
persimmon,9
GermanSheph,9
B4ND1T,9
Zero,9
korrupt,9
hei,9
fact,9
moonbeam,9
Chacon_1,9
jigubitufe,9
This,9
Zer0Z,9
_beavis_,9
Eochaidh,9
r,9
peach,9
op,9
random,9
NopNopNop,9
Salamander,9
Poppy,9
currant,9
Poodle,9
m1k3,9
sculpin,9
Panhro,9
Streusalz,9
sag,9
somnium,9
sometroll,9
usernamebra,9
Zaul,9
n3tw0rkcat,9
munemunk3y,9
Stare,9
melon,9
billcypher,9
bonkers,9
BorderColli,9
sup3r,9
michaelvanh,9
hyltixa,9
sonof,9
m0lten,9
sublim,9
Sakula,9
_5ph1nc73r_,9
Zem,9
fleming,9
trionex,9
BlAd3RuNn3R,9
cranberry,9
Labhras,9
g0df47h3r,9
sex,9
tiger,9
Brino,9
hoenir,9
lary,9
AtomCrypt,9
-lulwhat-,9
scott,9
suck,9
dragonfly,9
yeggs,9
Zero.Cool,9
unwashed,9
david3,9
Duall1927,9
Moose,9
hamster,9
toner,9
Rasiel,9
go,9
aveMaster24,9
chuch3te,9
Scit,9
Alfred,9
CRYPTnet,9
peeejr,9
h,9
baka,9
RomeoMike,9
asajj_ventr,9
kanashii,9
Fresnan,9
Reign,9
typedef_lif,9
lack_of_sec,9
glitchovo,9
reliix,9
salem-witch,9
blu3,9
Zero.Cool.T,9
link,9
johnyoung,9
blacknote,9
^mod,9
GreatDane,9
Uc0d3,9
Harry,9
thej0ker,9
eagle,9
Mr.Dreamz,9
kai,9
blinkping,9
sfpssc,8
floro,8
m,8
larva,8
magician,8
insidious,8
GOAT,8
Labrador,8
bear,8
ntfx,8
ScottishTer,8
shin_anon,8
otnip,8
sTrikEforC,8
Spaniel,8
shin,8
blackberry,8
woland,8
accuracy,8
n16h7th4wk,8
android,8
elephant,8
ryanw,8
aghori,8
phant0m,8
hippopotamu,8
moaad,8
Architype,8
Doberman,8
scorpion,8
AndChat4256,8
gr8m0l0ch,8
sir_hax_alo,8
ahkjdau7643,8
miller,8
ChowChow,8
MOV,8
wetcircle,8
camel,8
nabbZ,8
spksoft,8
phoenix,8
667,8
AYB,8
r1p,8
Perzeus,8
74NK,8
Margarin,8
C3RB3RUS,8
shinanonfut,8
Skyr1m,8
AnonymousJo,8
northstar,8
eX,8
cyrwac,8
Ya_Boy,8
0ryX,8
atomic,8
fnljk,8
kangizu,8
blazingby,8
fsociety,8
eth0,8
artistek,8
LuxMeaLex,8
slimswam,8
nointerface,8
Bengal,8
Data,8
AnonScience,8
anything,8
J0krZ,8
panda,8
watermelon,8
CaLLSTaCK,8
uDeadb,8
TheMorpheus,8
Deific,8
blueberry,8
ADHD,8
SeventhMusk,8
bobby_b,8
whodis,8
vhost,8
webmaster,8
morelike,8
TsUniverse,8
duck,8
xy0,8
recycled,8
falgor,8
hardcore,8
benji258456,8
shark,8
Dedsec,8
N30N,8
N3mesis,8
monkey,8
TheMostFuck,8
gemini,8
TechES,8
merlin,8
Minx,8
n00b,8
cog,8
universe,8
anonops,8
hexagonsatu,8
bravos,8
Root,8
MissCleo,8
dreamchippe,8
Anonymout,8
M0nkeyl0rd,8
lokki,8
mxxt,8
testbox,8
emanuele,8
Kirball,8
unix,8
stx,8
salisbury,8
DonTrump,7
InvisibleOn,7
zx7,7
DutchKidIV,7
JapaneseBob,7
seventy,7
Anonp0p,7
iaa,7
SamSepiol,7
AndroidUser,7
Siberian,7
Incognito,7
rikinside,7
strel0ky,7
hej,7
needhelp,7
sumfuk69,7
ShadyLink,7
Donvini,7
strel0k,7
pc,7
Jacob,7
AnoNewb,7
ShadyBro,7
dao,7
dankish,7
bigdaddy,7
ahvii,7
tutos,7
hellow^,7
EADC,7
S.T.A.L.K.E,7
Anonymous5,7
hackstar,7
petra,7
bhb,7
pear,7
1tr4p,7
alligator,7
deeznutz,7
dack,7
Sources,7
nic_98,7
Marcell,7
Beagle,7
ZipZap,7
caisah,7
aswe323,7
caesar,7
Maverick,7
toomany,7
MaxwellMur,7
ashfall5333,7
VirtualiAny,7
potter656,7
sancti,7
VOID,7
AN0N0PS,7
blade,7
AMS,7
oaf,7
Monstah,7
bluepanda,7
Mortup,7
es,7
pomegranate,7
Cisco,7
polaris,7
Mr_Snowman,7
jman,7
bastet,7
wcktklwn,7
kazyn,7
Manx,7
user1,7
krkrkr,7
l0ve,7
pussanus,7
Able,7
dracarus,7
LeonHowell,7
CHAX,7
caulk,7
FlyingDutch,7
-babayetu,7
Liberius,7
Linkfish,7
Fluk6,7
shrouded,7
puppy,7
Zeta,7
zero,7
Chaotic_Lib,7
Bellamy,7
untr4ck4bl3,7
dump,7
q,7
AO,7
Whiskey-Tan,7
dzexploit,7
blowfish,7
king.of.sql,7
Waw3,7
cheetah,7
clscalscrup,7
red,7
grape,7
Bruno,7
illusion,7
n1c0c1n,7
Nine,7
mipsy,7
derpanon,7
bee,7
comet,7
wasp,7
y2k,7
new2,7
P3ter,7
bca6531e,7
flaxo,7
AndChat4811,7
NotStan,7
mnhack,7
Nuro,7
orange,7
impso,7
riddle,7
Himalayan,7
szawel90,7
r00t_k3y5_B,7
forlax,7
A12Zc,7
plague,7
Phrixus,7
bitwise,7
igor,7
ant,7
oiye,7
pig,7
superstar_,7
yahran,7
andurval,7
tangerine,7
baz3r,7
Pinhead,7
ilk,7
Helios,7
sqlbiker,6
SatoshiNaka,6
Zeropedian,6
yolo,6
Dalmatian,6
Ghost,6
ahnost,6
drako,6
WickedSick,6
Stealth_,6
goldfish,6
r0j0,6
mesk,6
drakeo,6
yacopsae,6
pseudoSeque,6
Zer0_cool,6
......,6
Anonymous_b,6
Striker,6
goyt,6
shadowuser,6
philotas,6
fatrat69,6
devbox,6
Triple,6
Utukku,6
smuxi,6
erorr,6
weed,6
wammajamma,6
Avoc,6
quark,6
dl,6
plank,6
ahmad,6
pesto,6
Cyrex,6
GeorgeBush,6
exarkun,6
_drezet_,6
Defect,6
mysticmanti,6
dicksize,6
equi123____,6
Antisec,6
Uzero,6
Seran,6
HER0,6
shedu,6
ekipz,6
Vosto,6
davina.morw,6
blackcat,6
SirAnonRobo,6
mrfish,6
gamorck,6
xipher,6
xpansion,6
Apophis,6
blaster102,6
mellia,6
Teruki,6
Il,6
xnand,6
Arakimo,6
bRandom,6
Nimon77,6
tphy,6
Pomeranian,6
nectarine,6
chu,6
Pointer,6
oKeyYe,6
Alvarado,6
superbrw,6
MoarDox,6
C745H,6
Khunbish,6
wolf,6
raster,6
angry-squir,6
jorge,6
EvilStack,6
rat,6
behave,6
huj,6
samus,6
Kismet,6
nos,6
Ksmash,6
thecyber,6
but,6
same,6
Krustee,6
hide.your,6
Martin,6
banned,6
barbaro,6
an0nRekz1A,6
lobster,6
locust,6
chr0nic_psy,6
k54c-root,6
jonh,6
trutherbot,6
MrCloud,6
apple,6
N8_The_Gr8,6
scar,6
NO.,6
A583,6
Nasken,6
luna,6
AndChat1975,6
taa,6
AndChat1519,6
cockroach,6
takkforal,6
Kali,6
K3nJ1,6
Ninacoder,6
Nightowl,6
jimbob7621,6
bearcat,6
clo,6
Erubesco,6
Paper,6
Boxer,6
rattler,6
john55,6
tellme,6
cub,6
AmericanBob,6
P5yph0n,6
MrStein,6
Amps4daze,6
anonButcher,6
Orcus,6
syn,6
EthanMeep,6
jkakar,6
khamil8686,6
olo,6
none,6
bunny,6
M3G4BITE,6
nil33t,6
paxous,6
cer3s,6
pagantwat,6
knoppix,6
knoxx,6
Raiden,6
kumquat,6
parachan,6
LhasaApso,6
AeoniaN,6
krobrelus,6
LiTeRs50,6
h3x0r,6
alice_lier,6
alice,6
sal,6
FraxeD,6
CockerSpani,6
kquadra7,6
Lawliet,6
character__,6
d3nzill,6
Lodn,6
Anonomous_G,6
guacamole,6
youknowwho,6
strawberry,6
daidm,6
vdev,6
MR_X,6
charcoal,6
billjobs,6
lampshade11,6
LordOfGalli,6
lemon,6
gu1dx,6
Fr0z3n,6
sasuke,5
plum,5
zerovirus,5
ch40s,5
BenjaminMRX,5
B14ck0u7,5
louiseilles,5
Floky,5
tc,5
cgi,5
Dalton,5
b_b,5
TrbR,5
Mystic344,5
B3H0ND,5
MrgSub,5
BITCHX,5
Watcher,5
qwert098827,5
whatever,5
Aviary,5
Fuzzy,5
TheDark,5
AndChat1962,5
Yumppy,5
KJ,5
Abeet0n,5
plasmar,5
platoon,5
TheL,5
Yore,5
Nem0,5
jason88,5
LeFibonacci,5
Heisenberg,5
kwm,5
wrd3n,5
aonearan,5
nic0cin,5
satoshi,5
Thoth,5
b0fh,5
c3h,5
GoldenRetri,5
jimbob12_32,5
MrSheepDog,5
tr,5
TvK10,5
kaddy,5
Balinese,5
FeltchingAs,5
logchk,5
wez,5
psychoducky,5
zitler,5
endless,5
pppcanada,5
axel,5
don,5
Hacks,5
AfghanHound,5
kloud,5
epoch,5
donald__,5
assassin,5
FatMan,5
the.intern,5
asym,5
Voqet,5
ching,5
sir0b1xx,5
lime,5
MaDd8x,5
lexath,5
eXTREMpARAS,5
Zoominatti,5
MixMasterMi,5
cHn,5
ba,5
MrOverride,5
euph0ria,5
krist,5
krew7,5
krazyj,5
sheep,5
mspain,5
BToFF11,5
nico,5
obreen,5
mota,5
GuyFawkes,5
clancyfende,5
skipper,5
Backbox[],5
ptrace,5
Coder,5
X,5
myident,5
erg0,5
UserName,5
BigBabWolf,5
chango,5
ckoper,5
vanish,5
porvak,5
Kingkong,5
darkvisitor,5
ZED,5
Arkonoth,5
PinGgU,5
PitBullTerr,5
h383fja9,5
makeITso,5
zzaved,5
zsombr4,5
cypher,5
JoRo,5
randomanon,5
huol,5
h4z4rd,5
horse,5
fig,5
memory,5
cycle,5
JohnPeace,5
cyb3r0wl,5
stell,5
idler,5
Rick,5
picklerick,5
Stephane,5
dempty,5
Pekingese,5
beep,5
AndChat5546,5
ubiq,5
frog,5
frogstbh,5
Dryd3n,5
rupture,5
Chacon2,5
budhub,5
sudo-sandwi,5
JesusOfSubu,5
d3buc,5
AnonPerZeus,5
perrin,5
rabbit,5
Apolo,5
ShihTzu,5
day0hacker,5
stormsh,5
anarchyover,5
have.your,5
daxx,5
send,5
strangewand,5
getRight.og,5
mars,5
p3ng,5
w3ckr,5
Sicof,5
servo4,5
spindoc,5
Rayne,5
gebruiker,5
3rr0R,5
r34p3r,5
stickybit03,5
hacker117,5
hacker,5
AnonGhost,5
Cryptix,5
cytek,5
bx57,5
hock3y,5
mild_touch,5
R1P,5
AndChat5140,5
T3mp3st,5
Diggz74,5
CashAmerica,5
snow,5
gotyo,5
BoilerBoy,5
OG,5
Nyx,5
Jumbo,5
pitlocky,5
greina,5
Corgi,5
Salsa,5
Irethorru,5
zE_,5
opgiraffe,5
itachi,5
Noah,5
ukar,5
SaintBernar,5
ukarxniol,5
fireball_97,5
SLot,5
fir3bl00d,5
1337r3t4rd,5
Ninjacoder,5
grapes,5
Hell,5
coffee,5
Thano___,5
splint,5
sniperwolf,5
intel_78111,5
rx480,5
ImpotentRag,5
derp_comman,5
cryptix,5
goat,5
J0hnDoe,5
inside,5
1d5f68c4999,5
shellscript,5
SudoSaysGo,5
Gabriel,5
woz,5
Elemental,5
crypt,5
tursil,5
Cr1ticalH1t,5
snowchicken,5
Ginnarr,5
zuser,5
Elioenai,5
axekx,4
dagyr,4
Zer0Phase,4
shellpy,4
selkie,4
d3x,4
also,4
ch4se,4
albertlast,4
darksniff,4
bLI773t,4
buff3r,4
radu,4
doupelgange,4
daspazz,4
Bloodhound,4
damocles,4
darkrocket,4
casper,4
CoalRouter,4
brolf,4
al1c3,4
dark0ne,4
agracefulwa,4
_hidden_,4
blinkingpro,4
diopan,4
bix,4
ctrl_alt_f4,4
woog,4
c3l3ni0___,4
recursion,4
djce,4
_NamelessFo,4
_TRAZ_,4
anon_57666,4
blackbaron,4
__,4
__3G__,4
shakaboom,4
cricket,4
carbon3,4
scarar,4
anonkiller,4
anonmafia,4
_adde,4
_ww_,4
_bad__man,4
Cop1987,4
record404,4
bcremer,4
Cookie,4
anonuser133,4
ante,4
ryzokuken,4
ratty,4
rider,4
Botch,4
cliltcomman,4
room362,4
ZerusPi,4
wvrm,4
br00msticks,4
amacrine,4
rexx,4
blathijs,4
done,4
d0xx,4
actee,4
sdfsdfsd,4
Cryptocide,4
who,4
amirmd76,4
sdfafasdfs,4
scytale,4
robo,4
acidbath,4
raspberry,4
CrossHacke,4
cicada,4
D3c0d3,4
bocian67,4
beeper,4
BigBadWolf,4
Cody,4
anna,4
romania,4
romeo,4
dp12259,4
Erotes,4
Newb,4
oliopur,4
jackalope,4
jabberwoc,4
Nioltifarem,4
j0j0j0j0j0,4
No0n3,4
vilgi3,4
Not,4
optigan,4
optimus,4
iranonops,4
ioccco,4
violsocial,4
ODB,4
jason188,4
N30NF0x,4
kekistan,4
octagon,4
Alexandros,4
Alistair,4
null,4
th3j0k3r,4
Mephistoph,4
k1r10r1n,4
Meyaz,4
o0,4
tested.tesl,4
oSiRiS,4
Ex0spl0it,4
jonsnowf,4
Mr.NoOne,4
jokester,4
MrDent,4
syzdup,4
indent,4
Orbit,4
AndChat4306,4
hiveminded7,4
Prong,4
stvxss1,4
strelka1242,4
AnonSenpai,4
heartstrike,4
packets,4
RIP,4
Rapid,4
Rated,4
hades1,4
Anonerin0,4
guest56135,4
Dreadnought,4
RogueWolf,4
AnonCND,4
sudo,4
Anon1995,4
Parabox3,4
Ott-Blackha,4
Election,4
ilovezfs,4
PJ8T3,4
illya,4
vitalanon,4
idscipuls,4
sup3r_,4
PeErLesS,4
idle,4
PepeAnon,4
Persian,4
Phreak,4
iam404,4
ventura,4
MajorBaker,4
Anony1212,4
IceDrag0n,4
twuwnbd,4
turtleplane,4
turtlebitch,4
maxxe,4
ItsCyberMas,4
GameOver,4
Gambit,4
mason,4
Jarrett,4
nddxn,4
znc,4
Joker,4
truth,4
lynx,4
luminem,4
110sc,4
michaelw,4
AiredaleTer,4
0z0n3,4
used,4
unsigned_ch,4
HRiddler,4
mread,4
Hadeon,4
mxxz,4
moth,4
Heatrow,4
mmf,4
HinakoChan,4
milos99,4
Gizz1,4
miin,4
Ghosted--1,4
IAmRoot___,4
v,4
nghty,4
trasky,4
lord,4
FoxTerrier,4
kurobeats,4
Fluxaddict,4
Limnoria,4
Fluk3,4
Acid-Burn,4
Loblaw,4
nointerfa,4
Lucy,4
Lyssa,4
kismet,4
nonops,4
norsu,4
MagMaz,4
Magnetic,4
titit_kuda,4
zerotofour,4
Abyssinian,4
niggerfaggo,4
trace0x,4
tr0pic,4
tr0g,4
lolwuy,4
lmao,4
liveuser,4
lion23,4
AbraX,4
Ksmoosh,4
letserpenti,4
v4hn,4
leisure,4
laughingaty,4
laughing,4
grms,4
AndChat3110,4
DesMind,4
gavin,4
spacecat,4
pferor,4
T-Junk,4
Siderip,4
skye,4
T3CHN01U5T,4
silo543,4
SiberianHus,4
DodgingFudd,4
Sheytan,4
TM,4
gen0,4
pixel_,4
DogeInvesto,4
ggzd,4
pixelkarma,4
TdSTT,4
pseudonym,4
Sh0tgun,4
Atheros,4
Super-Noob,4
peribit,4
sincarov,4
weewee,4
StelveFlame,4
frodo,4
V`ger,4
Stains,4
Backwheat19,4
erebusNyx,4
Stelvy,4
fresh,4
Vex,4
Vital_Error,4
ArmaGeddON,4
DdosRolla,4
pinjim,4
fubar,4
SlimShady,4
Vojvoda35,4
pringles,4
Death,4
DarkGecko,4
V3locity,4
gizmo,4
fantasia,4
Delirium,4
w0ke,4
YO,4
gohyda,4
YOURNICK,4
Sakimi,4
grapefruit,4
Y_Y_0,4
shit_creek,4
fevikwick1,4
S4ibot,4
TinExE,4
Yesh,4
sleetynine0,4
slopjong,4
Drake_228,4
slinky,4
pawel,4
Dark,4
smc,4
fishy,4
smurph,4
Trash.y,4
exorbits,4
glider,4
drow,4
gnu,4
ScitScared,4
gnowes,4
luineth,3
m0rpeth,3
newAnon,3
fancyremark,3
lion,3
zerstoerer,3
ermau,3
c1000wn,3
luto,3
neuro,3
lyonheart,3
nigro,3
80085,3
liam,3
djHippie,3
qw,3
f1ng3r,3
ewg,3
quuunno,3
fabriceflor,3
pluto,3
nitind,3
evanpro,3
looksreal,3
BLUEMAN,3
etal0c0hc,3
lahwran,3
c4ptn3m0,3
dlareg,3
reyhelado,3
qub1t,3
lotus88,3
nilez,3
lstorm,3
lady,3
nigga,3
c1ph3r_0v3r,3
lucy,3
dkiller,3
rgztmalv,3
btk,3
madhatter,3
psyengodie,3
drinkmepiss,3
mittens,3
drk_lrd_777,3
zzzzz,3
rockit,3
drybjed,3
0x4rd,3
manjana,3
worldeditor,3
dunknnk5,3
dwfreed,3
mew,3
n3mesis,3
wotwot,3
n0stra,3
myth,3
Benjamin,3
mousey_toun,3
bo,3
bmf,3
mr_ettah,3
09172481,3
mrd,3
drak0,3
mrdubbs7345,3
mrmonday,3
000000,3
bloupitheca,3
msdchpt797,3
msgNickserv,3
msi,3
n3tv3i1,3
roboctopos,3
messk,3
mdma,3
manjaro,3
manuel,3
xpkill24,3
maresi,3
rip_swartz,3
marexony,3
mario,3
naysh,3
master,3
matp,3
mattl,3
Azor,3
eeeeeeeeee,3
progrown,3
brimstone,3
roblox,3
eSports,3
mdrjr,3
brick,3
namefag,3
meddeling,3
meh`,3
bread.n.cir,3
dyonroot,3
name,3
zwiebel5604,3
menog,3
braindead,3
Betelgeuse,3
boulbous,3
BitcoinMark,3
greynix,3
kullen,3
osho,3
AndChat4793,3
imafia4,3
cscrup,3
csharpsteen,3
cunt,3
yhbtgv,3
cute,3
cyborg,3
iknowthatik,3
iii,3
gen,3
z3r0,3
gh0stirl,3
perrito666,3
deb,3
gchaix,3
AndChat4268,3
orionz,3
orion,3
gbotticus,3
AndChat3155,3
gabbylard,3
creffett|ir,3
intruder,3
g00ftr00p,3
ipv6,3
Bermuda,3
x_anonymous,3
g,3
cpow,3
zDevoj,3
AndChat5908,3
AndChat6909,3
kst,3
grawity,3
hellnaw,3
hellekin,3
gogoplex,3
d3v1an0,3
block,3
Bomber,3
hackur,3
z29k,3
hacksoncrac,3
h3xram,3
pashalik0,3
guilhermebl,3
paxed,3
ramsfulk,3
p4nz3r,3
goa,3
p4ck3t,3
p44r,3
p0s1x3rr0r,3
raptorz,3
pebis,3
hidenowe,3
higuys3,3
d0c,3
hihi0,3
AnonFag,3
AnonDiggz,3
hmachado,3
gluxon,3
hypno,3
z0xb7,3
Archang3l,3
cp,3
openstackst,3
pitchshifte,3
Aug,3
Alex,3
kazi,3
notwhowho,3
kali,3
floppity,3
AlphabetSou,3
coolfusion,3
flukiluke,3
Alv,3
nyb,3
y3ke,3
r0gu3Sec,3
redemma,3
C4iB1N,3
paultag,3
ff,3
nope,3
kiraXpain,3
Bl34chGr4yh,3
kirzd,3
noneyabusin,3
AfonsoHenri,3
kixem,3
none_,3
kolkosi,3
pleb,3
AzardhelFR,3
AdiIRC,3
zerosmith,3
fauxanon,3
Alvarado_co,3
jpcw,3
red[FOX],3
jajm,3
isolate,3
ooooao,3
oni,3
fsargent,3
j,3
yaxato,3
BubbaSparx,3
j3parker,3
Bulldog,3
frontr,3
jabbadaba,3
delete,3
jackgassett,3
jahk,3
jamesbub,3
journo,3
cmn,3
delta,3
jayg,3
AndChat1306,3
zalaza-lim,3
AndChat1028,3
zalun,3
jjj,3
Arya,3
frankie,3
jon9505,3
Amanda,3
BlankSpa_e,3
pinkieval,3
AnonymousUs,3
root3,3
Morphesh,3
LegionX,3
anon246531,3
anon253,3
anon2scyt,3
skinkie,3
westonshake,3
Fn4t1c,3
wendish,3
anon7272,3
LoL,3
screamfox,3
scrblrus,3
RISCi_ATOM,3
Dylan,3
scitscared,3
stopplaying,3
Lary,3
Lizard,3
LonVenu,3
Lagg1ngSoup,3
Pysis|work,3
VitamineD,3
MIC,3
MI,3
sirkitree,3
Prym,3
andr0p0v,3
Cryo,3
Cros,3
Qui_Sum,3
DarkStar_,3
andyrtr,3
thirdbit,3
Qipi,3
Louve,3
QuantiComm,3
Crepuscule,3
tmk,3
Ragnaroot,3
atkinson,3
Trasp,3
tool8,3
Trionex,3
saraphan,3
arcticmetal,3
FuOnU,3
KingMidas,3
TreeFrog,3
Code_Conjur,3
apricot,3
RoadkillRac,3
Khaytsus,3
FuckYourMom,3
tracer0x_,3
astaroth___,3
stargazer,3
Romain,3
arandomnick,3
U,3
tobiastom,3
L0rni,3
LSD,3
anonmech,3
LENOVO,3
Rcsprinter,3
Deacon1,3
L1qu1dG4s,3
FreshAnon,3
anontech2,3
Kray,3
Recursi0n,3
skulduggery,3
Recursion,3
Red[Fox],3
DuncanT,3
anti-govern,3
v201b3,3
MLiXLJqjqxf,3
CrzySquirre,3
Cthulu,3
OpTurkey,3
NFF,3
EricFisher,3
Xpl0it,3
Essene,3
Mystic,3
tasmo,3
Omniaperi,3
MrRootYoGir,3
tao,3
shubz,3
shady0wl,3
Euscar,3
vexxlion,3
EviLFOX,3
EvilHero___,3
Mr.dunesBOY,3
Nurotic,3
Null_,3
Prol,3
Nat45,3
NikolaiTory,3
ZombiPuk3,3
Nickserv,3
NiceTry,3
Nivin,3
NoName,3
Neatrix_kid,3
Nameless,3
_Viserion_,3
\21hs,3
_Dwong879,3
tAiseBooK,3
Zao_,3
None,3
NopeBuddy,3
Norman,3
Mr.,3
Morgan,3
Moonshine,3
Pr0n,3
Pesting,3
MarconM,3
superfly,3
vivint,3
PongPing,3
Poseidon,3
DarkSpartan,3
aki_,3
Xablo29sss,3
MackyNous,3
albert,3
Prodigium,3
alex12,3
MacYET2,3
Fare,3
MR_Anderson,3
Pedo-Tracke,3
Pavlo,3
WhyUseFlour,3
ParkLulz,3
PARTY,3
ExplodingPu,3
XTHREAD,3
teuiwuirt,3
Milkins,3
Mikaela,3
X0zZ,3
PTK,3
th353us,3
Merrors3,3
Einstien,3
acronoxine,3
Meemaw,3
Wong0090,3
adhoc257ver,3
Kater,3
anonnew,3
Tabmow,3
JB,3
Shinjin,3
spake,3
IWishIKnew,3
usr1990,3
TR1D3NT,3
Shadow,3
w3wbrowsern,3
Devr,3
Shabby,3
Invalid,3
beng-nl,3
spider87654,3
Gary,3
J4ckL0nd0n,3
JSN,3
SysRun,3
JackSparrow,3
turdpile,3
Jan,3
Jay,3
Jayflux,3
Th3B4dDuck,3
tuko,3
CjNr11,3
bang,3
The,3
smoker,3
Sea,3
smibarber,3
Schaffen,3
Doffy42,3
IDKaliTeam,3
TheDarkPhan,3
Disma,3
ur0,3
Griz1,3
HIV,3
unknown_ill,3
SnoopyD,3
blackbird,3
blablablabl,3
SnakePin,3
Stewie7526,3
bitfuse,3
Harekiet,3
Stim,3
Sn1perH4ck,3
Chihuahua,3
soap,3
IDK,3
ChingShih,3
snuk,3
Suigintou,3
snowman,3
woody,3
Supercalifr,3
Gnowes,3
ChocoCat,3
SurlyAnon,3
udsbotu,3
Holk,3
binexe3,3
IAAIC,3
bibi,3
TheCavalry,3
Ziwi_Bytes,3
Jordack,3
SaxoGrammat,3
wm4,3
vyper,3
aur3l,3
Join.My,3
S-117,3
Fulltrix,3
Sanhedrin,3
vvivid,3
SAnnaBot,3
saberchan,3
Sargeras,3
TheDevil,3
sm0kescr33n,3
tristitia,3
b0bbi3,3
ScepterNony,3
g3n,2
Roach,2
gagagougou,2
ste,2
PFAhard,2
S3rp3n7,2
Robert,2
gagagagag,2
sylvain,2
DmzAnal,2
sylvannus,2
g30,2
gta001,2
P.,2
ElectroMagn,2
inconspicuo,2
Own3R,2
Drkflash,2
z4g4,2
ArMedic,2
suraj,2
gecos,2
PeAcE,2
sp00n,2
Paul,2
squanch,2
PaterTempo,2
gayretard,2
Apprentice,2
igustin,2
ossian,2
Panross,2
SinTax,2
AndChat510,2
gav0d,2
gullible,2
ikkarus,2
gasparlemar,2
vostorga,2
Sinister,2
galven09,2
srimech,2
switch,2
SM_Cryptic,2
Rock,2
Ops,2
jabalv,2
infoel1te,2
Skullrot,2
fuckplanet,2
Nomado,2
fuckall,2
Arestaeus,2
Dino,2
Nolar,2
somebody,2
itnet7,2
ooo,2
NoJoe,2
ominitric,2
omghax,2
tadeo,2
Somebody,2
Space-Duck,2
j0nvier,2
vidar,2
Armut,2
EpixP0,2
stanleen,2
j4p4m4l4,2
jSTor,2
Sphynx,2
fuckyou,2
fuel,2
starboy,2
furkanmusta,2
syofya,2
OneEss,2
Sigmund,2
Draco,2
patjameson,2
groot,2
Drago,2
Anony03361,2
OldMiner,2
int3st3ll4r,2
Oejet,2
fuelman,2
orbobleet,2
paulk,2
t00r,2
DragonEyes,2
Novak___,2
EmailMe,2
AndChat2984,2
RootEm__,2
opidont,2
somethingba,2
Perlboy,2
Plasmastar,2
ident,2
hhunt,2
stratch,2
pensive1,2
R-R,2
Seto_Kaiba,2
SeventhSky,2
DrCode,2
helloworld,2
paras1te,2
E553NTIAL,2
gilda,2
hachi,2
giga_proton,2
Quark,2
QuantiCorp,2
Red,2
perrier_,2
ghostninja0,2
golfspam,2
vladimir,2
gomadoufu,2
vosto,2
Antonet,2
ERORR,2
Record404,2
gjm,2
R0mulus,2
pehjota,2
paolo,2
Rassmasta,2
hammer,2
ScitFsociet,2
Raptyl,2
hannya,2
Scepter,2
hardblocked,2
RagnarDanne,2
DuplexRocke,2
RebelLegend,2
gky,2
glitchfest,2
Seismic_wav,2
hawk3ye,2
hax,2
hazardous,2
hds,2
hegemoOn,2
penny,2
hehe,2
godware,2
hf235,2
p,2
ibm9888,2
PureSalt,2
hoobop,2
genocide,2
Salt,2
Revery,2
hostibus,2
z-le,2
spaceghost,2
howie_felde,2
ox0lot,2
z0mb1es,2
htonl,2
DrHaribo,2
PortablePa,2
Poqaaze,2
sqldnightma,2
sunweaver,2
suomynonA,2
grafa,2
ow1-,2
iMast777,2
Razel,2
Pirate,2
Ricky,2
Anon-LOlish,2
Pr0xY,2
Anonkush,2
yhsiang,2
Eartaker,2
hineni,2
RelyAnonymo,2
Proxik,2
Prot3us,2
oxy,2
h33pg33k,2
RetrO1988,2
gh0stphr3ak,2
peterpomade,2
Apollion,2
hollowlevia,2
greylica,2
Profissiona,2
DrGuschtel,2
subdriven,2
ShadowDante,2
hobo,2
gz,2
Dogechain,2
speed_007,2
hollisb,2
pav5088,2
Chanop,2
Nil,2
Jupiter,2
tru5tn0b0dy,2
GOD_9970,2
trip_,2
lydian,2
neutraltc,2
nevada-smit,2
8027284b,2
lurkmerp,2
zipperneck,2
lurking,2
K,2
8ba706e3,2
KBT66,2
Kalbert,2
Fuzz,2
Kampala,2
truebl3,2
GPC-245,2
m330w,2
Jon,2
manishearth,2
ttoilE,2
zukizukito,2
malwakee,2
JinX,2
mail,2
magicko,2
tsk,2
tsc,2
mafia_,2
GalaxySmash,2
zoite,2
zoink,2
mad1s0n,2
machty,2
KangiZu,2
Kao,2
less7a,2
nightshade,2
lliehu,2
Fu,2
litui,2
littlewolf,2
KolyB,2
lisa,2
lionJB,2
linkbub,2
A9P10VBKKR,2
nihil,2
tomkap,2
zgb,2
liketop,2
FrontSevens,2
lgedeon,2
leval2,2
toresbe,2
nietx,2
ANARKAN,2
total1ty,2
lucatarditi,2
Kap,2
ADM,2
loverb0y,2
trap,2
v0id,2
AHZDA,2
nickr,2
KeksHunter,2
lonedigger,2
Kerosene,2
lolwut,2
tpscsc,2
Kimojo,2
nielsonm,2
Jheanin,2
manjaro-gno,2
zule,2
HellFiireb,2
Goliath,2
mordo,2
moore,2
ultrauser,2
Heckler,2
HedgeMage,2
0_0,2
ukboi,2
many,2
modi123_1,2
uiaj,2
Hexxeh,2
ugami,2
0v3rflow,2
ubuntufan,2
0x3ps1lon,2
Harper_Lewi,2
Harold,2
mr5h33pd06,2
HaeB,2
murrayn,2
mussi,2
upload3d,2
mustd,2
mterwoord,2
Gustavo,2
GreyShark,2
Gregorius,2
msg,2
H1R0GH057,2
muv,2
unpaid,2
mrfishy,2
HackRoot,2
Goru,2
ubuntu-mate,2
Hydra,2
n1ls,2
InX,2
tw33ty,2
medXXXOXOXX,2
tux,2
176946ce,2
IronFox,2
nandub,2
2018miw,2
naturally,2
3rph3v0n,2
nax,2
Jarsto,2
3rs0,2
Jaykul,2
tuktuk,2
ndrst,2
Ind3sul,2
tylerni7,2
n30,2
1289,2
I.h,2
IAm_thor3,2
GhostKupo,2
IDC,2
Ghost-One,2
INIB,2
IOMonster,2
metac0m,2
meta-x,2
ITJedi,2
12.100.14.1,2
Geronimo,2
mengu,2
127localmrl,2
Imooo,2
Kureshento,2
Frogeye,2
Niko,2
Moe_Epsilon,2
kaeru,2
zarkilo,2
F33,2
k1lr0y,2
nyan,2
tflgen2,2
tested.mant,2
MomsHouse,2
tednet,2
jsfan,2
vexed__,2
Spreadforbo,2
obito,2
jonhcw,2
terroristb,2
observernok,2
null___,2
Me,2
kaiman,2
FL,2
Maqs,2
kebabspion,2
kbrosnan,2
nour,2
karu,2
karin,2
FRANCIS,2
Mark_Zucker,2
MarkusH,2
MartinAS,2
thatgvy,2
MasterGrunt,2
kalel,2
FL360,2
zcourage,2
MrFontaine,2
joeykrim,2
ninja,2
Eramdam,2
Naivara,2
jbarnette,2
tang,2
okin,2
jason,2
jaqque,2
jamiehwang,2
NetworkByte,2
joe.doe,2
Er...still_,2
jagwire,2
jacob1,2
jackson5,2
zach,2
NightVinyl,2
Nightwing,2
Naco256,2
jden,2
zakk,2
jdsnake,2
jmux,2
zamir,2
EtherNet,2
tchowski,2
N1B1RU,2
jiren2122,2
EricYuzo,2
jhannah,2
zaluph,2
oerjan,2
Eric-K,2
jes,2
jeremybenne,2
jellytroll,2
jedi,2
FU,2
kees,2
veox,2
threadlock,2
kyprizel,2
kyle_von_mi,2
Leo-WAC-WAC,2
Folkvangr,2
kumng0,2
thunderblac,2
thunder0,2
Flex,2
Mandie,2
Lodle,2
London,2
Lost,2
Loun,2
krarten,2
Lowkey,2
Adreal,2
Fractal,2
AaronBarr,2
LawstWon,2
Aaaron,2
leo,2
APOSH,2
Free,2
ninjamist,2
nirik-fre,2
lavoro,2
vBm,2
Lady,2
larsivi,2
nitro,2
laptop,2
lali,2
Lasall,2
laen_,2
Laverator,2
zercool,2
LuLzPwn,2
vanaltj,2
them_,2
nops,2
kidcrash,2
noreply,2
MadMpro3,2
thekernelwa,2
MaddinSM,2
kg,2
Maestro,2
Magneto,2
zendainc,2
kest10,2
kermit,2
kentor,2
kensanata,2
kenperkins,2
Fantome,2
killida1,2
koder,2
kilo,2
kodein,2
Luna,2
Lurker69,2
LuvLuxLost,2
vcode,2
MAC,2
kn0ck13z,2
thesocrapti,2
theshadow__,2
kitty_pryde,2
theos,2
themask,2
kirkland,2
kirb,2
kini,2
Spitz,2
sponge,2
from,2
anonmafia__,2
carvsdriver,2
ebf0,2
cars,2
ech1,2
sfkjdfksg,2
defnordic,2
ectopl,2
WEEDDILDO,2
eday,2
defjam5,2
edogg15,2
priyesh,2
aaaa4,2
xorAxAx,2
DarkStar,2
witchhunter,2
woh,2
CTF,2
sUspeCt,2
revolution1,2
Voxel,2
eldiable,2
def,2
Voker57,2
CHUNCKY1,2
sinister983,2
sbc,2
eagleeye,2
reminiscenc,2
b00bytrap,2
rendered05,2
dust3r,2
Why.Not.Z.,2
celerychair,2
aaronj1335,2
aaronmcadam,2
dxm,2
shadowByte,2
resolve,2
dephoxdh,2
real,2
wntrmute,2
caterpiller,2
Brukhar,2
e11i0t,2
Wayne.Kerr,2
WarMice,2
WalkGood,2
castironpi,2
xor,2
Wakey,2
siranonrobo,2
primit1v3,2
scarva,2
V4nd41,2
c3r3s77,2
porygon2,2
skizzezzs,2
batman,2
bautist4,2
seth,2
r4tm,2
r4w3e5,2
xubuntu,2
c0rn,2
Uzer0,2
rid3r,2
__Rave__,2
server,2
DataSquirrl,2
c0r1ng4,2
skorpio,2
D124,2
porum,2
portknocker,2
Cotillion,2
crstovalexs,2
wise_faggot,2
anoncops,2
CYBORG9242,2
prete,2
acorn,2
Viserius,2
xpkill23,2
schizo,2
skatr,2
elixor,2
deez,2
s3skel,2
pr4nkt3r,2
Vessel3,2
Blaster,2
xrogaan,2
rb,2
wpconfig,2
crazy,2
ban,2
Veridical,2
Vaze,2
emohgee,2
acidx,2
skid,2
cagliostr0,2
engil,2
skim-milk,2
b,2
contec,2
Urban,2
qwerty04,2
Colossal,2
dom0bau5,2
qrf,2
cleanse,2
xCuriousx,2
Confl1ct_.,2
Zman,2
what__,2
shane,2
Dags,2
qapla_org,2
ZeroCool16,2
Woniken,2
doomas,2
doomnuke,2
__raven,2
xnb,2
_d3x,2
Zed_X,2
x91,2
pyR3x,2
pwvhrkt,2
dot,2
x82,2
shazow,2
quaid,2
wkqk,2
[RuCTFE]tsw,2
reapercreep,2
reapher,2
_Marcus_,2
_Ghxst,2
djgnwerogit,2
quote,2
coalesce,2
djmtc,2
_Dragons_Fl,2
xKeamy,2
saxogramma,2
dmlloyd_lap,2
xmeta,2
dirty,2
qweep,2
que,2
ao2,2
[n1x]_,2
BigFoot,2
___baldimir,2
clubmed,2
xkcd,2
__blob__,2
pwnsh0p,2
dotexe,2
putin,2
athos,2
_sephiroth2,2
rekt_m9,2
_thank05t,2
sam,2
dreamer,2
DJWillis,2
rektide,2
shwe,2
BelowMe,2
atomicturtl,2
puhan,2
real_acks_b,2
BlaDe^,2
auri,2
autismFest,2
shadwcopy,2
DG,2
Wtflux,2
comragerogu,2
conman,2
anonshy,2
Cocoflexme,2
xofping,2
Xorlev,2
xnt14,2
chx,2
regyroman,2
doxer,2
BjarniRunar,2
Byrd,2
Z,2
dfj,2
r0073d___,2
dr,2
dr0n,2
ByronT,2
asd,2
Code187,2
devoxmf,2
DaZc,2
Dantee,2
asdrubale,2
ashepelev,2
DTYAS,2
Y4K3R,2
anony,2
ather,2
shoman94,2
samuel,2
BerBer,2
beefbeef,2
erOrLuLz,2
ajah^,2
Tebay,2
cyberkid,2
cybernetban,2
xyz___,2
firehat,2
fishbrains,2
boolity,2
Desblood,2
fl0ky,2
Dev,2
bit.ly,2
DezBlood,2
Cy1882,2
fdgdfg,2
Tango,2
warning,2
flipz,2
flobby,2
floopers,2
rosseaux,2
TJ,2
robwerks,2
bolenath,2
boily,2
danielswan1,2
robocock,2
angoka77,2
wilsonk|2,2
fimp,2
TheJollyRog,2
rozsa,2
brantje,2
raimondas,2
binwiederhi,2
feelthemoog,2
anon12,2
br0din,2
Bran,2
felicitysm,2
error,2
pizo,2
boyfawkes,2
anon0871,2
feynman,2
BluePass,2
Criggie,2
darklord,2
birdgang,2
fidgity,2
watchdogs,2
Boroko,2
smoothe,2
Diako,2
fluffypony,2
T-Tracker-f,2
Crypter,2
rolling,2
blurryface,2
fredy,2
free,2
blackthor,2
bluecasper,2
freemelev,2
SteveMcInty,2
yano,2
Charles,2
sodoi,2
d2,2
blardo,2
wap,2
blr0,2
blox,2
Art3mis,2
amueller,2
soft,2
CrystalNice,2
roo73,2
yar,2
StandardNot,2
blacksmith,2
anarchist,2
T-Tracker,2
d3crypt,2
SysRQ_,2
dam,2
fobbodo,2
wilsonk-lap,2
bocksy,2
SyndicateX,2
piratica,2
alexi,2
fooman,2
Asuran,2
Ctrl,2
forcer,2
bkmz,2
SurlyAn0n,2
blackjid,2
SuperCooki,2
cycnus,2
fr0zen,2
Bojels,2
search,2
seaLne,2
Stopmensong,2
altoid,2
TheMasquera,2
xlover,2
pleia2,2
rusty,2
rawtaz,2
politebana,2
evrt,2
CareBearemc,2
bergerz,2
bergo,2
rknLA,2
agony,2
buffy,2
berthram,2
anon6789,2
Captain_Gho,2
Trashy,2
Trappist-1,2
fbi,2
Tracerneo,2
pmxb0t,2
ezraela,2
aguila_x54,2
Creator,2
rmercha,2
bstarr,2
Tyranny,2
skvidal,2
f1ro,2
esandeen,2
beerbottle,2
bemo,2
bencreasy,2
scr34m,2
UnkAnonLGN,2
afwofn2if2n,2
butterfly,2
rafael,2
poopzi,2
Unenforcer,2
davidfg4,2
xxx,2
Captain,2
risa00,2
UltimateNat,2
davidfetter,2
skull,2
URmum,2
UFU,2
Cyn1KaL,2
xxaadx,2
BOI,2
bhsanon,2
bub,2
TommyBoy,2
Tippy,2
rt_superu_,2
pliers,2
fake,2
brrr,2
BrdMn,2
fatty,2
darksquid,2
wildwolf___,2
plexi5,2
cutecat,2
sledges,2
anon1347,2
rah,2
rngr0,2
Catherine,2
rule32,2
slaymo,2
wilkie,2
faded,2
Tor,2
rave,2
datahotdog,2
robbiet480,2
DeezNutz,2
Tony_Pajama,2
cuttingit,2
Defacto4,2
thisis,1
tokitok,1
nivvy,1
wjp,1
tkt,1
realDonaldT,1
scivola,1
zfe,1
xcrazy,1
nixfreak,1
ninja25538,1
rayne,1
noah,1
thneed,1
real_ack,1
nihui,1
vaisravana,1
toggleon,1
tlyu,1
razeno,1
re03,1
saxogrm,1
no,1
noca,1
xVenom,1
schrute,1
thorough,1
zeus,1
valli,1
rcoli,1
tobi,1
scrub,1
thgu,1
reamer_-_,1
scriblerus,1
xchg,1
thinker,1
v3ng3r,1
thrig,1
nokobaka,1
nomad,1
reallydont,1
noe,1
rassvet,1
niko,1
tomatopotat,1
nonan,1
schwuk,1
wingz,1
xXaaDx,1
tj,1
vagina,1
thneedle,1
scip,1
razor,1
vancoder,1
tjp,1
retflow,1
reaper9311,1
rubiX,1
wonky1,1
ubik,1
woodface,1
runCmd,1
rms,1
zxiiro_,1
rng185,1
n3glv,1
wowaname,1
s,1
n30x,1
rtaylor,1
usernamenot,1
n1ghtmar3,1
ubt677ssc,1
robbykardas,1
robert10,1
ufo,1
usn22,1
usr,1
u0_a207,1
rust,1
uw00mayee,1
wo}{ow,1
rxxt,1
nato,1
ringokidd,1
napoleon,1
turtl,1
rinzler,1
rwito,1
nameless,1
tw1sted,1
wolfetto,1
tweety,1
tybask,1
usuk,1
rizadon,1
usrnme,1
robert99,1
userduser,1
zzzzzzzzzzz,1
my.vhost,1
user2000,1
unidentifie,1
roro,1
rootski,1
unnet,1
rodoger,1
|,1
rollin,1
wootme___,1
muxer,1
unresolved,1
rootd,1
usenix,1
untwisted,1
unwichtig,1
roor,1
upss,1
uneek,1
undead,1
n0t_kn0wn,1
myself,1
roundPyrami,1
user___,1
robin,1
user6234534,1
user582,1
uid116283,1
n0nc3,1
round,1
n0cturnal,1
ukka,1
rotky,1
rossjones,1
mystos22,1
ulyssys,1
worrac,1
rorschach,1
umor,1
rzito,1
tumtum,1
savage,1
wyv3rn,1
nick,1
regis_,1
nicestguy,1
trapbant,1
samsa,1
traph,1
x0,1
nibblr,1
relamane,1
tummy,1
nhandler,1
nexfs0_,1
salty,1
salon,1
zito,1
zleap,1
traverso,1
relux,1
regent,1
sanchez,1
reeiiko,1
nicu,1
satty,1
tonsofpcs,1
tonspion,1
nightsec,1
nighmi,1
sariman,1
tony138,1
xCrackerx,1
torax,1
santa_,1
santa666,1
redacted,1
tostito,1
sankarshan,1
nidorannido,1
sanctus,1
zip,1
uz3r.rock,1
trigger,1
sakita,1
wqewq,1
tsmango,1
zuez,1
ttielitz,1
rgeri,1
need,1
s3rv3r,1
ttrx,1
s3mt3x,1
s1ckl3,1
ne0n,1
rickisan,1
ne0,1
ricochet,1
wolfer,1
tulip2,1
s0und,1
tulleb_revl,1
zorun,1
nerdboy,1
reset,1
zombor,1
wtfmate,1
tristan,1
sagacity426,1
trojan,1
tronical,1
netsoundW,1
true-asset,1
vaskl,1
saad,1
zman741,1
wrath,1
trz,1
retro,1
netfreak,1
retroj,1
ts,1
sTrikE,1
raskolnikof,1
oblivion,1
rar,1
popey,1
stikit,1
stilbruch,1
stilgarfifr,1
papaGroom,1
yorin,1
pantstealer,1
voltar,1
pop,1
week_,1
yost3d,1
stf97,1
pakak,1
paisley,1
popeye,1
stormdra.go,1
vodka28,1
packleet,1
skorgon,1
stovetop,1
you_t,1
wednesday,1
poopchute,1
slaughterbo,1
pasta,1
slapxb,1
patryk,1
pmurt,1
podes,1
stark,1
poetry,1
voyager,1
patches,1
poke64,1
slade,1
xvpcz,1
pass,1
stefan,1
skywall,1
xykotikAnon,1
partz,1
wearelegion,1
yop,1
parrot,1
pollymantis,1
str33tm0nk3,1
vnagur,1
pac,1
suffeneus,1
ozanon,1
oxso,1
princess_la,1
subutai,1
vjetar,1
pringl,1
sippy,1
ysap,1
printer,1
proeli,1
pabelanger,1
project2501,1
sukki_,1
z0mbies,1
prometheus,1
sunseasyg,1
pronto210,1
proxy,1
viva,1
supaplex1,1
yourname,1
vkAnon,1
sub,1
skeeter,1
strace0x,1
p_u_z,1
stracer0x_-,1
pRiYat,1
stranger64,1
p6rse,1
xtv,1
pottery,1
strattog,1
poty,1
yourUsernam,1
powerranger,1
ski,1
pr0cm0n,1
vladan,1
vkmc,1
stupidlapto,1
p0n,1
p00L,1
plutus,1
stardust,1
vite,1
southernthr,1
pintosm,1
soupspoon38,1
phabjsam,1
ph470m,1
pgper,1
snowflake,1
pitbull,1
sourdiesel,1
sourdiesel1,1
warlord,1
snuff_you,1
speakz,1
spectre,1
petti,1
snaps,1
spicedice,1
w3xl3r,1
warren-hadf,1
ymiller,1
snafu,1
soulman,1
soGGyLiTTle,1
patryk_,1
phish,1
phrost,1
sokedestroy,1
walli,1
sodomizeSAB,1
waldo,1
pickle___,1
yeevy,1
pidgey,1
yanis6660,1
pietrek,1
yggdrsl,1
phillipOpp,1
phillip,1
phifey,1
soon,1
waa,1
sorn3r,1
wH173Cr0w,1
yenom,1
socio,1
y0sei,1
peregrinate,1
snafoo,1
xyrL,1
spocktx,1
romtam,1
spooner,1
sporkez,1
waynepaco,1
peaceboon,1
slippyslapp,1
squiggle,1
slinky337,1
pdurbin,1
pentaloon,1
slight_disi,1
pcs,1
sscorpio,1
pcmanus,1
sledge,1
stan,1
vrisp,1
slavik__,1
patsukin,1
splenda,1
sm998,1
watdog,1
splashy,1
w0w0w,1
sn00pd4wg,1
spinnaker,1
smudge,1
penis,1
spitbawlz,1
pengbomber_,1
pelucon,1
pizelle,1
peekaboo,1
peeja,1
yogaguru,1
w0r10n5,1
spl0it,1
pizza,1
placebo,1
spl0it89,1
w,1
splashbath,1
ow1,1
z3l,1
sdx23,1
r3d,1
sexyrexy,1
teza,1
nyuszika7h,1
sexme,1
numi,1
numcaled,1
numbertwo,1
r34p,1
zaraf,1
verumnost,1
test1,1
nullnull,1
veronica4,1
sentry,1
rackarn,1
sendak,1
xeronull,1
radio,1
thanatos,1
whoamiii,1
whitehatuc,1
vetch,1
zalupko,1
xi,1
octabyte,1
tears,1
octa,1
ocipe,1
occult,1
whatps2,1
observer,1
xinucircuit,1
xiaozy,1
tenar,1
vexed[vexed,1
phyll1s_wor,1
whatshisfac,1
teruru692,1
shadow,1
shabos,1
obaid,1
sh3ll,1
whishmis,1
sf,1
thc,1
rage,1
nr45,1
random_asia,1
ram,1
ramsey,1
norf,1
seefischer,1
zepheiryan,1
xdeltav98,1
secta,1
norealname,1
nopriv,1
noob-Blood,1
novak1024,1
noob,1
secdragon,1
seb,1
randomguy,1
randoray,1
zer,1
se,1
ranman,1
thesolution,1
xdl,1
not_a_sheep,1
willmoffat,1
will,1
the0mightyo,1
raging_moon,1
theGrg,1
theTaco,1
ragnar,1
notspecific,1
the_heat_ma,1
selenamarie,1
xen_,1
zdarksoulz,1
theas,1
notmybox,1
seess,1
raidenq,1
theforwhat,1
notdickbutt,1
vengeance,1
zeliboba,1
vego,1
shallow_mas,1
xirrl,1
superfreak,1
shrug,1
shysterange,1
puck,1
pudintain,1
visser_,1
puk,1
orphanage,1
punter,1
synnastix,1
shtar,1
orphan,1
swnuts,1
purplePunkP,1
oriontc,1
orion`,1
sys,1
syscap,1
vision,1
whartung,1
viserion,1
szchehuan,1
wh1ck3rman,1
siberfiliak,1
vic_tor,1
osu_gata,1
superuser,1
simonbusbor,1
outter,1
silversurfe,1
silor,1
silo541,1
sillyputty,1
suriro,1
othe,1
sillyghost,1
wh0ami,1
silencedogo,1
wew,1
xonca,1
sw0rds,1
sidlin,1
swagnemite,1
sweeny3,1
osint,1
swif7,1
shitty,1
t,1
t0ruk,1
question,1
shaunm,1
okuna,1
sharp,1
xmj,1
quasimodo,1
okin8,1
zachowacko5,1
queiroz,1
taliban_mil,1
quittzy,1
mushi,1
zacts,1
xlulz,1
tango_down,1
ohm,1
ogelbukh,1
tank,1
tankkk,1
shaoulin,1
oddagent,1
shayla,1
sheckill,1
qocrazy-,1
qjv,1
t0x1K,1
t0xicCr4ckh,1
oracle,1
shert,1
t34mr0y4l,1
opsec,1
pussy,1
zabul,1
vinai,1
sherpaorc,1
tRIX,1
onur90,1
taco,1
onion_69,1
pyrometallu,1
omelrobless,1
sheen,1
omega8cc,1
taikenhead,1
uptime,1
-,1
mugger,1
NOTFBI,1
Miro,1
Mister_X,1
Mjau,1
Mjolnir,1
Mlpearc,1
MononcQc,1
Mouse,1
Mr00,1
Mr0v3r1d3,1
Mr0v3rr1d3,1
MrAmps,1
MrBonkers,1
MrL,1
MrQuaks,1
MrRobot,1
Mr_Blunts,1
MuddiMan,1
Mykonos,1
Mynamenonam,1
Myth0,1
N3mo,1
N7RO46chath,1
NERO,1
Mirn,1
Miranda,1
Mildred,1
Marc-Olivie,1
MRJaxel,1
Machine,1
Macig7,1
Madchen,1
Madformusta,1
Major,1
Major_Baker,1
MalcumMerly,1
Manicfest,1
Manjarouser,1
MarcelKul,1
Mikaku,1
Margaret,1
Margu,1
Mario_Vs,1
Marjorie,1
MartinR00te,1
Maruko,1
Mathilde,1
Mazzivex,1
Meta,1
MichealH-iP,1
NIC-I-LIED,1
NS_NV,1
Xelodon,1
NYD,1
OffGame,1
OhMyLulz3,1
Ohhyeaah,1
OkeyYe,1
Olaf_Snow,1
Onion_666,1
Opni,1
Oracle,1
Ori0n192,1
P313U5,1
PALESTINE,1
PH1K3,1
PHPKILL3R,1
PORNDILDO,1
PaNoULiS,1
PainToTheWo,1
Panda,1
Pantherophi,1
Pawka,1
Perceptes,1
PeterPan_,1
PhDctrl,1
Phace,1
OY0NLMmorph,1
NutMuffin,1
Numinali,1
NoMore,1
N_Unity,1
Naema,1
Nameles,1
NathanWilde,1
Necrosis3,1
Nepchoon,1
NilsHitze,1
Ninja,1
Nipo,1
Nlazy,1
NoOp,1
Numb3rz,1
Node,1
Nodoby,1
Noname,1
Noot,1
Nope,1
NorthKoreaI,1
NotFound,1
Nr1,1
Nto,1
Null_core,1
MORE_FLAG,1
MKS2000,1
MIH-Haxors,1
ME,1
JonDoh,1
Jonah,1
Jonasstone,1
Jonathan,1
Jorge,1
Jose,1
JosephShmid,1
JoshuaGraha,1
Josse|BNC,1
Julia,1
Justa,1
Justforfun3,1
JustyGo,1
Juunika,1
K00FFx,1
KBH,1
Kappy,1
Katastrophe,1
Kathleen,1
Katipunero,1
Keith,1
Kekistan,1
Kengine,1
Jolts,1
Johnny,1
JohninLex,1
James,1
InsaneTheor,1
Insidiousss,1
Inuyasha,1
Inva9er,1
Irene,1
Irishec,1
IroN,1
Ishtar,1
Israel,1
JLee,1
JamesBub,1
John,1
James_F,1
Jarv,1
Javier,1
JebiWind,1
Jeri,1
JigSaw,1
Jiggy8055,1
JimReyes,1
Jinto,1
JoeTheBro,1
Kenshin,1
Kernel,1
Kiddo,1
Liquer,1
Le,1
Leo_Verto,1
Leonidus,1
Lestaty,1
Leviathan,1
Lewis,1
Lightspeed,1
LincBurrows,1
Linda,1
Linkz,1
Live.As.A.P,1
Lauwenmark,1
Livid,1
LoneWolf,1
Lord,1
Lowww,1
Lthere,1
Luckycharm,1
Luke-Jr-jr,1
Lytta,1
MARTIN0S,1
MAnder,1
LazyLucy,1
Laplace,1
Kim,1
Kolmteist,1
KineticGhos,1
King,1
Kitkat,1
KiwiIRC,1
Kmos,1
KnastyXx,1
Knightfall,1
Kobe,1
Koi,1
Koka,1
Konm,1
LadyInRed,1
Kozmatic_,1
Kristo,1
Krsnake,1
Krypt0n,1
Kuma,1
L0new0lf,1
L4yer,1
LML,1
LULZ101,1
Laat,1
Phangz,1
PimpMaster5,1
Piranhak,1
SirVerII,1
TAN,1
TC,1
TIVG,1
Tailz,1
Talon124,1
Tanos,1
Tenor,1
Tenryl,1
Terminator,1
TerryBOT___,1
Th3F477y,1
Th3_philoso,1
Th3kinG,1
ThaDon,1
The-Dark_Fo,1
The20YearIR,1
TheCrypto,1
TheElephant,1
TheFlyingEa,1
TheSketcher,1
Theaz,1
Theone,1
Theopolisme,1
TAA,1
Syzygy,1
SynOps,1
Southern_Ge,1
Skinner0x,1
SmashedMelo,1
Smile,1
SmokyFish,1
SnowDrifter,1
SnowWire---,1
Snuupy,1
SocratesTV,1
SomeONEE,1
SomeOne,1
Spire,1
Suntop,1
StarBrillia,1
Stark,1
SteakDev,1
StephenS,1
StormBit,1
StrCheez,1
Strigoi,1
StupidOwL,1
SukhE,1
SunBurn,1
Thijs,1
ThirstForKn,1
Thomas,1
WeLoveCP,1
Vincian,1
Virtualfox,1
VoLuM3,1
Vogone,1
Voxsa,1
W1llyW0nka,1
Waithamai,1
WalkinBot__,1
Warrior,1
Wayno,1
WerBinIch,1
Vicious,1
Wh04m1,1
WhereIsMySp,1
Why.Not.Z,1
Will,1
Windows2000,1
Winds,1
WishBoy,1
Wolfy87,1
XBlackHack,1
XL0rd,1
Vicki,1
Veist,1
Throy,1
TruthHunter,1
ThunderChic,1
Times333,1
TinKode,1
Toflar,1
Tomsger,1
Topkitteh,1
TotalWar,1
ToxicStorm,1
TreezPlzs,1
Trigger,1
TxG,1
Varun,1
Tyrael,1
Tzadkiel,1
UbuntuMaste,1
Ultifest2,1
User3,1
Usurp,1
V1gil4nt3,1
V3ct0r,1
Vaibhav,1
Vanessa,1
Sirena,1
Simulater,1
Play4fun,1
SilverLeagu,1
Quite,1
R-12,1
R.,1
R0-GR,1
R0yal,1
R1k0,1
R34P3R,1
R8tro,1
RD,1
Ra,1
Rad,1
Radical_Edw,1
Ragnar,1
RampageBot,1
Raver,1
Raymond,1
Raz0rBacK,1
RazBmen,1
Reckless,1
Rege,1
Reverend,1
RhodiumToad,1
Rico,1
Quinoa,1
Quentin,1
Quantum,1
Pretit,1
Plaz,1
Plug,1
Pluto,1
Poker1st,1
PolyTarric,1
Poobear,1
PostMortemS,1
PowerBall,1
PowerZ,1
Pr0xY_,1
PrettyBoyFl,1
QZZB,1
Pringl,1
Prof.KillTh,1
Professor,1
PsyxAnon,1
Pup-Ratchet,1
Pup.Ratchet,1
PurpleHorse,1
PurpleRa1n,1
PwnedGinge,1
PyroStars,1
Ringbackton,1
RivetHead3,1
RnTnI,1
Shadx,1
Scarecrow,1
Schwachmat,1
Scipio,1
SecThor,1
Selma,1
Serenity,1
Setpno,1
Sha1,1
Shabbypengu,1
Shadowhunte,1
ShadyB,1
Satori,1
Shanna,1
Sheinev,1
Shend1978,1
Sherpaorc,1
Sho_,1
Shrooms,1
Shyster,1
Silent89,1
SiliconAlch,1
Silver7,1
SaveAs,1
Sara,1
RollyTrolly,1
SH4BBU,1
Rooaaarrr,1
RudeHarvest,1
Rudy,1
Ryker,1
S0nic,1
S117,1
S1l3ntZ0n3,1
S4in7,1
SEEYA,1
SEXYDILDO,1
SNomine,1
Samuel,1
SQLDNightma,1
SRV_AS,1
SRV_DW20,1
ST-84,1
SW1TCHBL4D3,1
Saberu-,1
Sackra,1
SaltyDog,1
Salvas,1
Sam,1
Inquisit0r,1
Ink,1
Inigo_Monto,1
Arsenal,1
Benutzer1,1
Bernice,1
Bettyb00P,1
BigBellyWam,1
Biiblibalic,1
Bille,1
BinaryReap,1
BistyRun,1
Bitters,1
Bl4k_r0s3,1
BlackRose,1
BlackSec,1
Black_Goku,1
Blind9,1
Blixyy,1
BloodMoney,1
BloodyDeepR,1
Bloptic,1
Blowing,1
BlueShom,1
BlurpAstean,1
BoJack66,1
Boltz,1
Belfalas,1
Befeepilf,1
Beetstra,1
BIgPapaIste,1
Arvik,1
ArztDerpy,1
Asajj_Ventr,1
Assaj,1
AstroDroid,1
Atlas,1
AuthoSys,1
Aventurepix,1
AvexBug,1
Azot,1
BJJJJ,1
Bean,1
BOBBY17,1
BRAWNDO,1
BUDDODU,1
Baam,1
Badscript,1
Bamboozle,1
BaraSec,1
BartK,1
Bassem,1
Bawbag,1
Bones,1
BooZer,1
Breeze,1
Ciph3r,1
Catoz440,1
Ceriand,1
Ceric,1
Chainsaw,1
Chayyliel,1
CheGuevara,1
Cho,1
ChrisMarqua,1
Chrislamagn,1
Chu,1
Clo,1
Casanunda,1
Clone,1
Clouclou,1
CloudDAnon,1
CockInASock,1
CommanderXY,1
Concept,1
Conchita,1
Conrad,1
Cormite,1
Cowsaysmoo,1
Cathy,1
Callen-A,1
Britney,1
Byteboost,1
BronzeLeagu,1
Brother,1
Bruce,1
BrutalJuice,1
BryceWalker,1
Burns,1
BusError,1
BussyDentat,1
ButterflyOf,1
Bw3ha,1
C0derGuy,1
CYBERCRAFT-,1
C1sc0S4g4,1
C1vil,1
C64Mos65xx,1
CASHFORGOLD,1
CCko,1
CHACON_1,1
CHACON_15,1
CHAnon4113,1
CJHackerz,1
CYBER-1,1
Arthimus,1
Arrow,1
Crille,1
Ard0,1
A13strazxa,1
A3idB4ath,1
AFK,1
AL0R,1
ANG,1
ANGRYDILDO,1
ANNONYM,1
ANON1337133,1
ANon123456,1
APEAR987,1
APrOn,1
A_Filthy_Ca,1
Ac3n34d_X,1
Ad-Hoeminem,1
Addon,1
AdmV,1
Advisor,1
Afootpluto,1
Agent,1
Ahmad_Waqas,1
Ahmuck,1
AimHere,1
Ajax_,1
A0R61,1
A.Doctor,1
901,1
400lbhacker,1
007,1
0e8bdbf2,1
0kin,1
0verflow,1
1,1
1.w.4.y,1
105516,1
1312,1
1A2A3A4A,1
3inc0rgi,1
4every,1
666,1
4rce,1
4res,1
50d1fc8a,1
526611c9,1
526611dc,1
54d2426f,1
566e76bd,1
5cf6226c,1
5u8v3r51v,1
66,1
Alekto,1
Alfred-Moli,1
Almerya,1
Anon_afc,1
AnoKiks,1
Anon174,1
Anon40,1
AnonMe,1
AnonMeToo4,1
AnonProwler,1
AnonSalva,1
AnonUMM,1
AnonZulu,1
Anon_Blackc,1
AnonamousSu,1
AnimumRege,1
Anong4g5,1
Anonx,1
Anthron,1
AntiSpamMet,1
Anubis,1
AnyBlackSna,1
Apology,1
Aramayar,1
ArcIsWeird,1
ArchOverha,1
Ann,1
Anguilla,1
Alph0ns0,1
AndChat1634,1
Alucard,1
AmberJ_,1
An0n0m0u5Gh,1
An0n_Gh0st,1
An4th4,1
Anarchy99,1
AndChat1001,1
AndChat1196,1
AndChat1257,1
AndChat1418,1
AndChat1829,1
Angela,1
AndChat2261,1
AndChat2484,1
AndChat2741,1
AndChat2990,1
AndChat3321,1
AndChat4913,1
AndChat5226,1
AndChat6223,1
AndChat7440,1
Andy2011Zoe,1
Crane,1
Curiosity,1
Infinizy,1
FB1,1
GALLO,1
Gala,1
Galik,1
Gayle,1
GenerousGod,1
Gentlem7n,1
George_Jouf,1
Gh0stPing76,1
Ghanlow,1
Ghostne12,1
Ghxst,1
Giu,1
GnGr,1
Godbert,1
Goku,1
GoldenCat,1
GoodKill4,1
GothAlice,1
Govna,1
Greedi,1
Green1,1
GreenDot,1
Gribble,1
G5012QLara,1
FunkFlex,1
FullSky,1
Fideli,1
FUCKU,1
Fackayou,1
FallenAn0n,1
Famous,1
Faze,1
FeNiXx,1
FedoraTip,1
Fellinaro,1
FenderQ,1
Ferarroshay,1
FinnTheHuma,1
Frost_676,1
FireLine,1
Fiver,1
Flaim,1
ForeverDTF,1
Frank,1
Frankenstei,1
FredC,1
FriedForce,1
From,1
Frost,1
Grimey,1
Griz,1
GroundGhos,1
HyDRA,1
Herodotus,1
Hilter,1
Hineni,1
HiredShoote,1
HitmanDPR,1
Hobbestigro,1
Hoffmann2k,1
Honkeymagoo,1
Horjeka,1
Horriblewol,1
Hydra7,1
Hellermive,1
I440r,1
IRBaboonNT7,1
Iam,1
Iam_thor,1
IanH,1
IceMan,1
Illusive_Ma,1
Im,1
Im_RoX,1
InTrouble,1
Henry,1
Hellaenergy,1
GsC_RuL3Z,1
Hack3r,1
GuessWhosBa,1
Guett0,1
Gunni,1
Guy,1
GuyFawkesMa,1
H0n,1
H4ckB3nj4m1,1
HEXAGON,1
HP,1
Hack-4675,1
Hacktreides,1
HellMember,1
Haigha,1
Hamlet,1
Hammy,1
Hande,1
Hank,1
Hannah,1
HapadEHapad,1
Hastur,1
Hazz,1
Heisenberg9,1
FIREDILDO,1
FAFA101222,1
CyBeRNiNjaM,1
F3n1x,1
DarkRageTwi,1
Darktotal,1
Darrell,1
Das,1
Datheist,1
Dave,1
DaylyLP,1
DeadFloyd,1
DeathAnon,1
DeathLover6,1
Deborah,1
DedSec,1
Defacto3,1
Default_,1
Default_you,1
Deflate,1
Delta5,1
DemocracyP,1
DesBlood,1
DezVlood,1
Diacetylmor,1
Digitz,1
Dimlock,1
DarkPlayer,1
DarkPapa,1
DarkInMe,1
D3Cyph3r,1
Cyb3rHippy,1
CyberDildo,1
CyberDose,1
CyberFly,1
CyberMeme__,1
Cyko-32,1
Cynthia,1
D,1
D0wntime,1
D3C0DE,1
DARKNE55,1
DarkFire,1
DDOSDILDO,1
DEATH,1
DEUSboi,1
DJMTC,1
DOx3r,1
Daedalus,1
Dafuw,1
Dantman,1
DarTar,1
DarkFedor,1
Dimmer,1
Dinglehoppe,1
DirtyCamel,1
EncodeTeam-,1
Ech0klang,1
Echelon,1
Echsenmensc,1
Eddy,1
EddyMoney,1
EinsteinDee,1
ElectroBNC,1
Elite20659,1
Elitism,1
Ellie,1
Enigma,1
EZED,1
EpicEse,1
Equinox,1
Erami,1
Erica,1
Error,1
Eurian_CS,1
Eve,1
Exilednonam,1
Exterminat,1
F.A.G.,1
EccentricGe,1
EVILWez,1
Discipulus,1
DrTimJamesS,1
DiscordiaEs,1
Disgruntled,1
Dome,1
Dominicia,1
Donna,1
DoomAnon,1
Dottorvenom,1
DpEpsilon,1
Dr4Gone,1
DrKraken,1
Dr_Tryx,1
ENTEGER,1
Dragavnir,1
Dramegos,1
DreamW,1
DroX,1
Duh,1
Durangoanon,1
Dwolling,1
Dxge,1
Dyson,1
E.Zick,1
XXX,1
XhmikosR,1
mugen,1
hiru,1
hardaker,1
hardblock,1
hari,1
harm,1
hashcrunch,1
hashy,1
haxorpunish,1
hcchien,1
head_victim,1
heat_man,1
heater,1
heftig,1
heim,1
hell,1
herabus,1
hercules,1
hermes,1
herocool,1
hewlck,1
hexagon,1
hexking,1
hggdh,1
hic.m,1
hans3m,1
hames,1
ham,1
guestshell,1
greyfox,1
greywolver,1
grieve,1
grif,1
grimace,1
grollo,1
gross,1
grunting,1
guest8845,1
guest_bait1,1
guestuser,1
hali,1
gungun,1
guru,1
gws,1
h4rdk3rn3l,1
hack_bot,1
hackersrule,1
hacking,1
hafid,1
hagbard,1
haku,1
hidd3nstrin,1
hissing,1
Xidust3r,1
historiador,1
interdom3ix,1
internet,1
irc6an9er,1
irc_go,1
irchroot,1
iron_koala,1
ironmarx,1
ironoxide,1
irssiuser,1
isaacs94,1
itachi1194,1
itseemstool,1
itsjayy423,1
itsjustanic,1
ittybitty,1
ivaughan,1
iwantsex,1
izaki,1
iziwic,1
jMAwJkQsV7j,1
jack,1
jackil,1
jacky,1
inter,1
inspector,1
insid3r,1
ifconfig,1
hlyxx,1
hopupbounce,1
hskdgf,1
hwangjy9,1
iLLuMiNaTi,1
iammakingmi,1
identCrysis,1
identical,1
idklmao,1
idn,1
ifzv,1
inpw,1
iggy,1
ihower,1
ihugbdrs5,1
iixxii,1
ilacfear,1
ilknet,1
imac7940213,1
inc0g,1
init,1
inkh,1
greyb0x,1
grey,1
greendayb,1
green,1
ferringb,1
feth,1
ficek2,1
flat,1
fli,1
flo,1
flobbodo,1
flowkey,1
foggo,1
foobar495,1
fork42,1
fortyseven,1
forwhat,1
fpatton,1
fr0znForce,1
francis.pan,1
frank001,1
freakofmims,1
freakonalea,1
freezerDog9,1
freitag772,1
freja,1
frogaincia,1
felicity,1
feist,1
feedoo,1
ext1337,1
erwin_bulle,1
esepidg,1
esheep,1
espadrine,1
estebaneste,1
evilbox,1
evillian,1
exile,1
exitnode,1
explodingpu,1
exuberance9,1
feckjew,1
f-ckup,1
f1d,1
faelic_rae,1
fag,1
fajro,1
fauxpas,1
fawkitall22,1
fd8f00f8aa,1
fearout,1
feb,1
frogz,1
frostbite,1
frosty-W5UL,1
glyph,1
gimel,1
gimps,1
gingerling,1
gistpatron,1
glassbone,1
glidenote,1
glock,1
glodius4,1
glow,1
gluck,1
gnomus,1
ghsyrt93,1
goTwXTkW,1
godmode,1
goldmouth,1
goosemagici,1
gr00v3haz3,1
grant,1
gravedigger,1
greaggaerg,1
greed,1
greedy,1
gillman,1
ghostnet12,1
fuck.off,1
g0tmi1k,1
fuckMicroso,1
fuckjew,1
fungus,1
funkatron,1
funkyb,1
fushbo,1
fushwan9,1
fusion,1
fusionred,1
fx0,1
galego1988,1
ghirrulop,1
gamor,1
gaston,1
gatox,1
geek00l,1
gemin,1
gengar,1
geronimo,1
gh0st_cha0s,1
gh4d3r,1
ghano,1
jaekwon,1
janer___,1
jason85,1
leonardo,1
lukenzyto,1
lukks22,1
lulzbox,1
lulzebub,1
lun,1
luzy4562,1
lx3rr,1
lynq,1
m0n5t0rh4k,1
madhouse909,1
madjack1899,1
madmax828,1
madwoota,1
magicbean,1
magris,1
major-t,1
malice,1
malloc_free,1
maltego,1
mamoppomap,1
manisco,1
manjaro-mat,1
mankind,1
luke,1
luka,1
lucifer,1
llamma,1
lex,1
libstaras,1
lilG,1
limitless,1
limpkin,1
linux.dev,1
liquidchip,1
litfi446,1
little,1
littles027,1
locke,1
luciefer,1
logix,1
loki,1
lolcr,1
lolz,1
lordknicle,1
lossyrob,1
losttyger,1
love,1
lowkey,1
lu5er,1
maokai,1
mar5hmell0,1
marco_cermu,1
monovoid,1
mikeyman77,1
milos,1
ming,1
mkennedy,1
mkrautz,1
mmmm,1
mohammed,1
molester,1
monad5,1
monkeyd,1
monoxide,1
midnightmag,1
mooose,1
mpldsnj,1
mquin,1
mr.geniosa,1
mrafiee,1
mrdocs,1
mrf1sh,1
mrpan,1
mrsuperstar,1
ms.d3m0na,1
mike,1
mictianrayn,1
marney97,1
mechagodzil,1
masquerader,1
matrix80,1
maurits,1
max472728,1
maxfragg,1
maxheadroom,1
maximusTM,1
mayo,1
mcorpgc,1
mebel,1
meki1010,1
miconda,1
meltheadora,1
memmer,1
mendax,1
mentos_cat,1
meoblast001,1
metaljello,1
metaloxide,1
metraya,1
mfscy,1
michael,1
lestrrat,1
leon3i,1
javarz,1
leolein,1
jtk,1
junk23,1
justaguest,1
justmay,1
jwils,1
jxk,1
jzisp,1
k0ngo,1
k1k0,1
k1lgor,1
k1lo,1
k4ddy,1
kLa,1
ka6sox,1
kahf,1
kaimi,1
kak,1
kalihax,1
kaosmask,1
karla,1
karla431,1
karma,1
kashmir,1
jtickle,1
josef64,1
jorde,1
jklong,1
jchris,1
jcole,1
jdsharp,1
je_deteste,1
jemarch,1
jessestyle,1
jesusabdull,1
jgbae,1
jglenn,1
jjjjjg,1
jmanfatty,1
jona,1
jmendelblat,1
jmp-TOK,1
joe,1
joe3456,1
joelazot,1
johncrap,1
johncylee,1
johndee,1
johnny,1
joker768,1
kastle,1
keanu,1
keep,1
l33t,1
krampus,1
kreative,1
krk,1
krnz_10,1
kro[au],1
ksamak,1
kukaz,1
kutio,1
kwlaraki,1
l0stfear,1
labra,1
kpyke,1
lacik,1
lantsat,1
larsan,1
laskjdaslk,1
lax,1
laxanofido,1
layer8,1
ldoguin,1
leafstorm,1
lee7,1
kraken,1
kormoc,1
kelliott,1
kierank,1
kerb,1
kerbyu,1
ketas,1
kevin,1
kevium,1
keyboardsur,1
kh0l,1
kharris,1
khe,1
khorben,1
kierra,1
koopa2,1
kilgor,1
kill,1
kimbo,1
king,1
kirito.asak,1
kite,1
knok,1
kojay,1
kongzted,1
konshens,1
error_syste,1
ericholsche,1
ericbsd,1
anvands,1
b94c0aaf,1
b96b2fd7,1
b989114c,1
badboy17,1
badman,1
baldur,1
bali127,1
bane,1
banonaw,1
basket,1
bassoon63,1
bboy,1
bbqomgomgo,1
bca647c9,1
bcheur,1
bea,1
bean,1
bearson,1
benjamin258,1
benyamin834,1
beshrew88,1
bezerradasi,1
bfb,1
b3cc0,1
b00a68f0,1
azor,1
asdfasdf,1
apacketofsw,1
apfel,1
aqu4,1
architect42,1
ari882727,1
arian,1
aricon,1
ariel_,1
arrow,1
asbo,1
asdfiop,1
axrhstos,1
athne,1
atilla,1
atiti,1
atmowl,1
audi0phile,1
autismFest2,1
averro,1
avishay,1
awplepewpie,1
axel4,1
bgjuxceigj,1
bibbityboop,1
bicorn3,1
bpalmer,1
bobpp_,1
bocca,1
bomfook,1
boob,1
boobsy,1
bootoagoos,1
bootthrower,1
boss,1
botro,1
box,1
brainsnare,1
bob13,1
brandon,1
brea,1
breadNcircu,1
breaking,1
brother,1
bruceadams,1
brycec,1
bsus,1
bug,1
bugbot,1
bobbit,1
blyatman,1
bigdick,1
bitcoin,1
bill_t,1
billstclair,1
binbasti,1
binje,1
binjinx,1
biotrox,1
birdi,1
biscuit,1
bit,1
bitches,1
bitprophet,1
blue_shark,1
blackkn8,1
blackrayred,1
blackvulf,1
blains,1
blazz,1
blef,1
blhack,1
blinders,1
blitz,1
blizzard,1
aowi,1
anug3,1
bunnies,1
anonymus,1
__future__,1
_flow_,1
a2f39225,1
a46a4bea,1
a979f7v,1
aXa,1
aavok4,1
abandon,1
abandoned,1
abela,1
abextra,1
abhout,1
abhout_554,1
ablil98,1
abruzzi,1
ac110001,1
achadwick,1
acidtype,1
ack,1
aclark,1
acris,1
ad0g,1
adam,1
__builtin_y,1
_YourNick_,1
[TR]Kapx|27,1
Yuki40298,1
Xnziwr,1
Xpansion,1
Xyzzzz,1
Y-Error,1
Yaeger,1
Yank89,1
Yash,1
Yeevy,1
Yog-Sotho,1
YourMotherI,1
Z3,1
[M]sL,1
ZEFQSRR,1
Zachoz,1
Zawg,1
Zen_,1
Zer0Phaze,1
ZeroDivisio,1
Zey,1
[-jonathan-,1
[EXIT],1
[FR]alexy|7,1
adaminsull,1
adgfaefew,1
adidas,1
anon_vlad,1
ankin,1
anon1,1
anon3,1
anon536,1
anon7,1
anon8483,1
anon8512,1
anonGRL4465,1
anon_2,1
anon_ninja,1
anonboy,1
andrea,1
anoncyborg,1
anondood,1
anone,1
anonerin0,1
anonh,1
anonhack007,1
anonimau8,1
anonjsjs,1
anonmax,1
anonvu1can,1
andurval_22,1
andr01d,1
adinbied,1
algor,1
admin-ubunt,1
advisor,1
afaik,1
agusti,1
air,1
aj,1
ajbiz11,1
akwen,1
alexsuraci,1
alext,1
aljungberg,1
and,1
almightybo,1
alphagrok,1
altair,1
altimit,1
alxgnon,1
amcrae,1
amidmb,1
amir,1
amuha,1
ananymous,1
bullwinkle,1
burcin,1
ericb2,1
davidru,1
dleffler,1
dlr0ww,1
dnl,1
doa,1
doable,1
dob4,1
dobbins04,1
dodingdaga,1
doggy_fire,1
domenico,1
domingoanon,1
dominiqe,1
donfaraday,1
donri,1
doobie,1
doomspray3,1
dorena,1
dos1,1
dosboi69,1
dosenbier,1
doter,1
dougvann,1
dpower,1
djhow,1
disconnecte,1
dirtyguy,1
deserted,1
dayknito,1
dcdvv,1
ddhgrid,1
death,1
death4life,1
deb4ever,1
decodex01,1
deduction,1
degastis,1
derek,1
detail,1
directhex,1
devX,1
devan,1
devnewton,1
devnull,1
dexter,1
dfreedm,1
dgilmore,1
dholbach,1
diasking,1
dics,1
dr4gon_b1rd,1
dragon,1
draxb,1
elvis,1
eight64,1
eikon,1
el1e,1
electroxero,1
element,1
eliat,1
elliot,1
elsimio,1
eluu,1
eluu100,1
emperor,1
edunham,1
enona,1
enroutetoro,1
ensky,1
entropy,1
environment,1
epicfail^,1
epicspic,1
eps2y0,1
epsilon_syn,1
eribit,1
efge,1
ednaedny943,1
drd,1
dudebro,1
dreidel,1
dren,1
drewx2,1
drgx2x,1
drin,1
drink1n,1
drixt,1
ds,1
dscho,1
dsotp,1
dudenugget2,1
edit_21,1
duk3m,1
dumbfuck,1
dwarf,1
e_l1e,1
eaitken,1
eam,1
eat,1
ech05b3ck,1
echosbeck,1
ectoplasm,1
davinchi199,1
davidlatapi,1
buttchug,1
davidd4y,1
change,1
chanse1,1
chauncie,1
chem,1
chewbaka,1
chinesechic,1
chmac,1
chorizo_tac,1
chrippa,1
chris,1
chrissie,1
chrystel,1
chubz,1
chuch3t3,1
ciph3r,1
citizensyn,1
cl0t,1
clark,1
clintbellan,1
clone,1
cmeiklejohn,1
cnidus04,1
cod095,1
cf_hiefg,1
cereal_kill,1
centriole,1
camp1234,1
butter,1
bvalek2,1
bwah2,1
byte[],1
byteboost,1
c0rePlex,1
c3rb3ru5,1
c434271e,1
c4p741n_h0w,1
cake,1
can,1
cdb,1
captn_nemo,1
caraMason,1
carcanet0,1
carldani,1
carlinhosbr,1
carlosgj94,1
carrie01,1
cassier,1
caveExplori,1
cboard612,1
codeninja0x,1
codoron,1
coelostat__,1
daisy,1
d0n,1
d0rze,1
d0xus,1
d3aek,1
d4rk,1
d4rkm4g3,1
d_ed,1
dachary,1
dad,1
dainmathis,1
dark,1
cyclops,1
dark0venom,1
darkbot-rc4,1
darklight,1
darkness,1
darkscout,1
darkshad0wz,1
darkshadow,1
das,1
datboi,1
dave1337,1
cyrus,1
cyberillusi,1
cokey,1
crashower,1
col,1
committee,1
compubox,1
contemlux_k,1
cookiemonst,1
copyjosh,1
corey,1
coronalMass,1
cpu,1
cracker,1
creamcheez,1
cyberD1lDo,1
crgrtn,1
crssx999,1
crypto008,1
crysh123,1
csadilek,1
cuassimodo,1
cuckasarusr,1
curlz,1
cvpcs|work,1
cyber,1
|Kin|,1
