Username,Message Count
guapo,11972
sTrikEforCe,5305
BOFH,4449
lazarus,3923
DeTH,3544
catface,2939
dd_,2927
Meow,2627
Cogitabundus,2609
ubiquitous,2549
keddy,2365
maxmuster,2261
dedocne,1911
zombie,1671
twelve,1532
kod,1438
malware,1426
satan,1331
phusion,1246
aris,1227
v1,1216
zed,1183
lolobai,972
HER0,863
fragile,858
an0ndawg,857
MuNk,841
TechsupportBro,765
Numb3rz,694
derp,684
dmt,663
ack,649
catface_,647
zguy300,634
AO,633
kaijectorsf,631
Lazarus,616
Arka0s,611
|Dawg|,607
Freak,604
Hera,604
evilbox,602
gala,588
mickers,581
Iggy,579
FR13ND,577
Rockefeller,567
BlueBomber,567
nemecy,565
Dzl,558
iCeland,535
En1gm1s7,529
intravenous,528
jyf,515
deadpool,504
Nemesys,501
verax,499
fr33dom,497
Winston,493
dsr,490
z0rk,486
cookie,476
plague,462
North_Star,448
NotYourDope,442
multithr3d,440
jealousy,440
Semtex,421
raddox,417
target_,397
LeFibonacci,396
ishmael,394
Llocker,390
spider876,389
someone25572,387
LevAnon,385
D3M3n70R,383
hypnotic,382
AOK,377
levim,370
sniperwolf,354
B4nksy,354
nemesys,350
DRes,350
Huno,345
phr34k,343
atomic,340
darko,340
russian,332
zipperneck,331
bloodmoney,330
a,326
zippy,325
Stephen,322
yasbarh,321
PottyLarry,317
Rown,317
import,314
RaDiCaLiSt,312
snap,312
cider,312
Nightowl,307
sebastian,306
Gen0cide,304
Igssga,303
Sh3llm4sk,303
Screamfox2016,302
blahblahblacksheep,301
TanDav,298
Logical,295
Case,293
Cand0r,292
CookieMonster,288
UnitedSecTeam,288
pocket,277
higuys,277
Nightowl101,277
NAVA,269
cryptcat,267
Animosity,264
hakk,263
pwn_that_fuck,263
menog,263
dl,258
petra,257
z0mb1es,257
hello,256
NewAnon,254
eth666,253
AYB,249
FrostRobin1,248
S1rLancelot,243
BloodMoney,239
ayeitsEFF,239
vyro,239
de_tail,239
Bobseviltwin,236
samus,235
defeatcorruption,234
W4RL0RD,234
CheshireCat,233
^74NK,226
IuIz,226
scriptbitchdolan,226
sagitta,226
Quexin,219
oss,217
lizards2,217
BuZzY,216
LLks_8,215
HonkThePlanett,214
Defeat_Corruption,214
dark0ne,211
Caillou,209
r00t_e,209
MrWizard,208
Genetic,206
memejustme,206
Lytta,205
Breach,205
o_0,202
whoami,201
webmaster,200
hans,200
Henryk,200
h4z4rd,199
Thedarkoverlord,198
Antihat,197
Dargon,195
DanteV,195
stacker,195
MT,195
Philip_J_Fry,194
Mr_Snowman,193
Molly,193
CATS,192
genius,192
Magnum,192
gh0st,192
sh4d0wth13f,191
evilchaos,188
NivZ,188
mugg,185
LucidBytes,183
bomfunk,181
chipset,181
derp_commander,181
jvj,180
raizen,180
xData,179
OverclockedSanic,178
prap,177
ArmaGeddON,176
DrHacks,174
prof_newb,174
IBeqDWavY,173
Dybbuk,172
HonkThePlanet,172
TechnoRabbit,171
\2h1s,170
anakin,169
emm0,167
x89,167
trouble,167
EdenBlood,164
BloodySnowRipper,162
Nihm,159
aswe323,158
Opportunity,158
khb,158
Numinali,158
El3tr0n,157
Xenogenesis,157
ajak,157
shadowh4ck,156
JamesBond,152
PWE,151
Bl34chGr4yh47,151
Ya_Boy,149
g0d,148
Philip_J_Fry_,147
Ar0n,147
anymouse,147
kilo,147
Key,146
Nurotic,145
m00ds,145
Paper,144
NewGuy,142
v01d,140
TopKek,138
princess_bubblegum,138
ectoplasm,138
tokikolik,138
nhoj,138
morelike,137
Hiraeth,137
UnknownAnon221,137
anondoxinglord,137
schwachmat,137
frost,136
angry-squirrel,136
LLks_8_,136
Justbob,135
percival,134
Spates,133
ElReyHelado,133
aaa,132
Essence7706__,132
Loyalist,132
margu,131
rangotail,131
hosee,130
lucky2017,130
enigmafcc,129
sho_0es,129
ahnost,129
wunpunch,128
sol,128
umbra,127
n0b0dy,126
Loki,126
kp3030,126
MrgSub,126
Ilariosism,125
Ghostnet12,125
pr0m37h3u5,125
SivertPL,124
shadowleaf,124
spark,124
frosted,123
Sflow,123
hiraeth,123
explodingpuppies,122
K1rby,122
Pr0xy,122
IBLIS,121
AshleyMadison,121
frankenstein,121
Hedylogos,120
AlphaOmega,120
torbits,120
ROT,120
Jester,119
T7emon,119
Goru,119
Zerodomin,118
Platonique,117
soloz,116
darknetuser,115
RivetHead,115
FlakeyBaker,115
andurval,115
L,114
RunLevelZero,114
Teruki,114
WymanX,114
INTEGRITY,112
solar5,112
_scriptbitchdolan_,111
The_Snowman,111
ubi,111
Djlocus,110
fr33dom_,109
BLACKHACKERSX,109
ethanhunt,107
detail,107
CHOOOO,107
lizzard,107
Tinytina,106
var,106
duckdogers,105
NightOwl,105
Maxxypedro,105
nixnetwork,105
Ten,104
tutos,104
m157r0,104
systemd,104
C3RB3RUS,102
LittleDickens,102
psj,102
Chacon_1,102
ubuntu,101
DedSec,101
re4per,101
DefeatCorruption,101
Lowkey,100
reverse,100
N333m00,100
CsT,100
m1k3,99
kickoff,99
DarknetScream,99
LSD,98
kash,98
THEMAN2198,98
whodatwhodat,97
rUd3b0y,97
Naberius,97
slinky,95
__G3__,95
Justice,95
ScitScared,94
BitsOfSkin,94
weedex,94
Sayano,94
freesec,94
wh04m1,94
Blod,93
pidof,93
BioHazard,92
Mnemonic,92
Raven,92
Lumen,91
MoarLeax,90
Yk2Vd,90
AshHole,90
Snackbar,89
Leonardo,89
applepie,89
clscalscrup,89
eisenhover4,89
hashcookie,89
anon_lulz,89
zebra,88
zer0cool,88
sheldon,88
jaker,88
mrf1sh,87
sul4,86
ZeroCool1501,86
Integrity,86
anon192,86
LiTeRs50,86
OxO,85
WickedSick,85
BountyHunter,84
pokefucker,84
orca,84
dogcatfee,83
TheMorpheus000,83
ic3cube,83
AnonSin,83
cybersilence,83
Condor,82
gr1ev,82
Crash_Burn,81
Fever,81
zerosmile,81
gangsta,81
wibo,80
Anonymous465,80
mib,80
Woz,80
AnonSathira,80
CrazyAtom,79
Pavornoc,79
Nlazy,79
vxlr,79
blackbaron2002,78
Aviary,78
oxygen,78
WhoAmI___,78
redlightdistrict,78
MarioBuda,77
Keagan,77
Aruther,77
devlin,77
Teslaian,77
BenZoDan,76
rain,76
Linu0x0c,76
new2,76
blueandnew,75
Revery,75
Nitr0,75
Anathema,74
Passwordis123,74
Synystyr,74
hswh,73
pada,73
Revonymous,73
v01d_,73
H311,73
jackjohnsmith,72
El3tr0n_,72
ECH[0]IRQCPU,72
Bitters,72
BeatbyAnonymous,72
putin,72
poetry,72
anon101,71
Coded32,71
gucci|bebe,71
kingChessPeace,71
JesusOfSuburbia,71
Babd_Catha,70
Heathcliff,70
ottomano,70
Boom,70
Cjash,70
hecc,69
Sancti,69
WarZpazZisd,69
tr0pic,69
_TCP,69
luzy,68
Defeatcorruption,68
Devlin,68
es,68
WarHammerofWhiterun,68
Trionex_,68
PaNoULiS,68
nothing,68
j0k3r,68
Rigo,68
politebanana69,67
Voxi,67
irishsec,67
nhoj_,67
pushergene,67
ilt,67
DeFacto,66
pete,66
Luna,66
ossian,66
Jeejayjee,66
Gilgamesh,66
FreeHandJobsJustAsk,66
MaLi,66
anon860760,65
arc3v1l,65
anon_phoenix,65
roboy,65
SQLMASTER,65
Crypt0Murd3r_,64
Zer0NetPirate,64
Z3uS,64
wEdeX,64
ficek,64
kabam,64
void,64
PaterTemporalis,63
bast,63
unknown,63
zurok,63
Exo,63
drasnah,63
th444,63
z0mbies,63
th3epic,63
Defcon_,62
n0r,62
|root|,62
xxx-rated,62
EvilStack,62
z,62
Panross,61
fnljk,61
try,61
rmfrvbbud,61
DJ_BillyBob,61
AxeOfWhiterun,61
mmt,61
chip,61
eX,60
S4P4,60
pacman,60
arm_legi,60
target__,60
OxyGen,60
snowflake,60
GhostExo,60
hunter,60
Justakidnomind,59
ubiquitous2,59
Enitin,59
SomebodyOnce,59
hazardous,59
XBLASTZ,59
atom,59
anonymous108,59
anonymous07,59
mafia,59
rickybastet,59
Atiaz_,59
n_,59
zoonoosis,58
r0073d,58
WarHammerOfWhiterun,58
Ziwi,58
a32148f,58
Lisa,58
vincian,58
MaxxRamm,58
openknight,58
Anonymous32547,58
HarrYpofher,58
Aliut_Milin,58
NightBlade,58
OpDarkWeb,57
ahn0st,57
HAM,57
hyph3n,57
DWORD_PTR,57
Janeman,57
NewEraCracker,56
JunkDTA,56
djhow,56
FreshAnon,56
erymanthos,56
r00tk1d,56
ILikeTurtles,56
r34p3r,56
Bl4xPirat3_CreW,56
fsociety,56
archaic,56
woke,56
Jackstockholm,56
MIH-Haxors,55
suomynonA,55
n3d,55
Hell,55
cm,55
_Cthulu_,55
Unetical,55
sarca,55
stormsh,55
PapaGhanda,54
Botch,54
zx7,54
blad3,54
bishop,54
fermionic,54
anonmech,54
DeAdSecHack3R__,54
dnsp,54
m6lys,54
ZeroDayInformer,54
Orion,53
dularapramod,53
pps,53
MadNigga,53
JQuery,53
thehashslingingslasher,53
BlackHackersXD,53
geezus,53
cyberanakinvader,53
Luckycharming,53
Mikle,53
trolled_you_so,53
inity13,52
horny,52
DrugPeclo,52
MaxMrdr25,52
DogmaCreed,52
b4tch,52
anonymousddoser,52
Kap,52
abjahadul,52
BitzMcGreedy,51
KrakenMare,51
Whooami,51
AgentAngel,51
ItsMe,51
Promotious,51
LieVable,51
max,51
d3sir3,51
Guest8784,51
Bitfuse,51
kowz,50
spacedog,50
svang,50
Sara,50
ll_ks8,50
SiliconAlchemist,50
alldone,50
GeorgeBush,50
Guest62164,50
Depressed,50
anonbiscuit,50
paxous,50
Kolmogorov,50
Filtj,50
RickCrick,49
hairygal,49
revaa,49
Edward,49
OneLike_You,49
OMEN,49
bunker,49
spitnaz,49
lololol,49
A,49
AnonStand,49
theZbyte,48
TKO_Anonymous,48
Hydrochloride,48
superhack3rjavaCSS,48
Shell-pooperz,48
shin_anon,48
Eochaidh,48
anonshy666,48
pf100,48
Beats,48
zamir_,48
TechES,48
p44,47
drow,47
jackson5,47
Salamander,47
Sombra,47
StillMaLi,47
dark0,47
Gh0stbyte,47
TFJ,47
m0nkeyz,47
annonymass_,47
THEMAN2198__,46
bluepanda,46
Mr0v3rr1d3,46
FreeAnons-912,46
ThaCosmo,46
drakeo,46
hakka_snowman,46
plev,46
poodlehax,46
nautilus,46
EthanMeep,46
Xablo29,46
Darkpapa,46
Data,45
Cr4cker,45
AIN,45
EvilHero,45
Ch0ng,45
Snap,45
gala0sup,45
EIP0x41414141,45
dosa,45
AnoNewb,45
kisper,45
cyberattack,45
w0pp3r,44
lol,44
Felix_,44
newanon,44
j0k3r_,44
stale_meme,44
shinx,44
Zed,44
MrAnonymuzzz,44
god,43
MrGrinch,43
`\,43
_L1T3,43
pilipino,43
hackers123,43
An0nR3X14,43
kiara,43
actee,43
Seelk,43
Helper,43
Bl4xPirat3_CreW_,43
HelloWorld,43
blackbox,43
Shaitan,43
krobrelus,42
Epidural,42
Venom,42
kalwin,42
bergerz,42
JTw_Polaris_sjy,42
bi0h4z4rd,42
anonsathira_,42
p3ud1,42
SeventhMusketeer,42
kernelpanic,42
Hawk3ye,42
aghular,42
[kravchenko],42
mr_ettah,42
Sicof,42
sillyputty,42
DuplexRocket33r,42
Nickname,42
Delta,41
mugger,41
hackstar_,41
easyfromvm,41
Hello,41
DarkNinja915,41
Skyrim,41
Psyduck,41
ukarxxniol,41
break,41
Yesh,41
Prong,41
Lloicer,40
sup_jesu1,40
r-12,40
spider8765,40
fl0ky,40
Bodi,40
azorean,40
MT4151,40
tutos_,40
someone,39
maokai,39
Affannn,39
hcl3,39
ColMustard,39
lefibonacci,39
anonmafia,39
wall3,39
Spartan,39
UnitedSec,39
Sum1,39
CyberDildo,39
Defcon,39
N0M4D,39
cyberkid,39
crypto,39
SHERIFF_BUFORD,39
sirrinurkantanriver,39
assassin,39
zombie_malware,38
dsr_,38
Fox5,38
qwerty_21,38
sasuke,38
eeeeeEEeeeee,38
CXE_,38
gebruiker,38
Impossible,38
ottomano97,38
veil,38
trost,38
WhoAmI_,38
DeFrag,38
mzelin,38
badboy,38
CyberDose,38
Encrypted,38
AnonNbee,38
Ghosted1,38
pesto,38
bloodmoney1,38
beep,38
Arakimo,37
ntaitt,37
TheOrigend,37
tAise,37
lam3r,37
gnu,37
Cicada-3301_,37
TheCheese_,37
blizzaria,37
D3athmachin3,37
TehLuLz,37
dsr_sleeps,37
hackerman,37
turp,37
badboy3,37
Ah123,37
Guest36810,37
Screamfox,36
strangewanderer,36
nigabyte,36
newking,36
EdgarAllenPwnd,36
DevOps,36
GreyShark,36
Please,36
bocian67,36
percolator,36
Crack,36
DG,36
Knightfall,36
Fluk3,36
PhenZen,36
yaki,36
n3tw0rkcat,35
Guest65282,35
DarkMatter,35
thirteen,35
AutismusPrimus,35
AzoozVirus,35
Dark,35
hlyxx,35
eski,35
backbox,35
Boltz,35
babyface,35
Mencomot,35
Guest59915,35
cub,35
Guest54972,35
Skeptic,35
pwease,35
BlackHat,35
anakin_,35
goat_,34
zimin,34
the_real_anonymous07,34
Defect,34
cruxxcyborg,34
salem-witchen,34
L0k1,34
Defeatcorruption_,34
Audacity2016,34
BloodMoney1,34
Jack87,34
Demonio,33
shrouded,33
ThatAnonGuy,33
lulz_ctrl,33
Elite,33
loveforrussia,33
siranonrobot,33
undoxable_god,33
HarryPuffer,33
FBi__Cyb34__S3C,33
FireCore,33
kai,33
__D0P3__,33
kingstonenathan,33
Punkholic,33
tomato,33
OperationWOF,33
pavornoc,33
iNsOmNiHack,33
Biscuit,33
ch40s,33
B3stofy0u,33
chillout,33
anonmrx,33
bones,33
hdjhsdkdh_,32
ice231,32
nilez,32
nick24,32
Quinn,32
key,32
CrazyNigggaC,32
Mazzivex,32
helloboy,32
WeDeX,32
KnastyXx,32
Wazwaxwewe,32
crack,32
NeroDE,32
money,32
Hcgdgg,32
t4ise,32
plutus,32
D-Rip,32
RainbowBrite,32
FreeMe,32
skerzo3,32
Aarag0,32
d2-3po,32
India,32
R{}{}T[-D,32
gizmonizmo,32
dren,32
DeX,32
erso,32
itsomrfi_k,32
skynet,31
behave,31
Chaotic_Liberator,31
anorak117_,31
beginner,31
sudo-sandwich,31
Sakimi,31
hack2017,31
soze,31
_B_,31
rpz,31
PickMe12,31
JEFF,31
Shyster,31
Butthole,31
ClaudiaD,31
phat^stack,31
Nekrasova,31
R3VC0N,31
atheros,31
Tech936,31
Ravim,30
easy,30
jvj2,30
A1ice,30
proph3t,30
Cursetoyou,30
iamtheone23,30
AnonyTAS,30
devli_n,30
Joker,30
Pharoh,30
JeanValJean,30
aneeta,30
anonzZ,30
sysgov,30
Volxe,30
none,30
nuy,30
zed07,30
underdeep,30
teruki,30
leewdy,29
Guest39427,29
Defeat_Corruption_,29
legacy5014,29
janz_,29
Dr3am3r,29
Shadow,29
Guest45722,29
Phoenix,29
cringehecker,29
cyber_hobbit,29
benji,29
Pete,29
Guest11956,29
GroundZero,29
oSiRiS,29
shaggy,29
IRIDESCENT,29
defeatcorruption_,29
Uc0d3,29
zerochill,28
nullz,28
Dags,28
HinakoChan,28
floke,28
powerball,28
Thales,28
REBEL1916__,28
v10d,28
HomoErotic,28
bay,28
Jess_clark,28
static,28
Friends,28
Moriarty,28
Mandrake,28
g0tmi1k,28
D3v1aN0,28
Indecipherable,28
Guest54410,28
Immortal,28
Guest30297,28
lost,27
Crypt0Murd3r,27
Elemental,27
skid,27
roll,27
user34235,27
TAS,27
whynix,27
sempe,27
MRFishsticks,27
chilly,27
learner3429,27
Coca1ne,27
Kan3r_107,27
Dedsec,27
nim,27
roboctopos,27
dirtyak,27
scitscared,27
Case_,27
d33,27
PVX,27
jether,27
qwerty,27
paper,27
HonkThePlanet_,27
TheOldRoot,26
riad-BSC,26
TDM,26
phasma,26
oliver,26
nicklas__,26
PushDWORDoffset,26
Phr34k,26
Okaythen,26
mugen,26
tr_,26
uze,26
que,26
some,26
MichaelDanger,26
Bojels,26
black-knight,26
BlackhathackerXD,26
bloodshot,26
EVILWez,26
Abhi1802,26
jigmakas,26
Dusty_Flaps,26
Benji,26
Goodguy,26
Error404,26
werth,26
ExPl01d,26
D3pot,25
Renamed,25
Bored,25
Sho_0es,25
no_fri3nds,25
Neatrix_kiddo,25
WickEd,25
epoch,25
almightybounter,25
netlich,25
WarHammerofWhiterun_,25
lazarus-,25
JustoArmas,25
MSI,25
Anon_Shadow,25
Koshi,25
fetty,25
EehME,25
Guest30520,25
TheShredder,25
Br3ak,25
Kuritsutianu,25
Ryker,25
S1gh7,25
ghouls,25
cyanic,25
loki,25
Guest50771,25
c4p741n_h0wdy,25
goddamnnnnnn,25
k54c,25
killme,25
newbloodanonymous_,24
mickey,24
Iron,24
Loveyou,24
Giraffe,24
botnet,24
AnOn_Korea,24
y2k,24
Tach,24
pack3t,24
Joanne,24
Guest13341,24
student_,24
MaskedMystery,24
Sherp,24
JerrelPP,24
hei,24
Guest10141,24
w4h00ty,24
erebus,24
Draco,24
Malfoy,24
R8tro,24
KUtta,24
joss,24
MRx32d,24
NEROP7,24
Guest28310,24
th1nkf4st,24
Kira,24
AhZ,24
Gustav,24
emergency,23
Tyrone,23
function,23
CloudDAnon,23
CauldronCogi,23
BigDiccThomas,23
EXL,23
voila,23
iam404,23
Moose,23
AnonWas,23
Godmode,23
d4rkcod3,23
clown18,23
dunno_,23
Art3mis,23
Synyster,23
aeth,23
DutchKid,23
nax,23
Disma,23
DeAdSecHack3R,23
kek,23
Nioltifarem,23
Choto,23
bl4cksn0w,23
Satoshin,23
ajfh,23
Aireplay-ng_,23
Guest46424,23
Mr_R0b0t,23
maxmuste_,23
MrSheepDog,23
letha,23
Ravan,23
Zer0,22
monty,22
clscalsc1up,22
Hex,22
Guest59024,22
Z0d1c,22
poopzi,22
spartan_dagger,22
K1V3N^666,22
wh0ami,22
in4tehkil,22
Uranolol,22
Rayn,22
ChocoCat,22
zerocool,22
BigSexy,22
jer,22
jobob,22
Noname,22
hanns1,22
covertanonymous,22
Nasken,22
SebJF451,22
Bumchum,22
tAise_,22
Mavis,22
the_acheron,22
restartinghacker,22
MrAce,22
hackstarr,22
HTMLooP,22
Parvart_,22
gh0stbyte,22
Guest2214,22
wowiezowie,22
Zeta,22
maryo,22
screamfox,21
nmks,21
SheilaDoll,21
Harlock,21
th33333,21
Guest7287,21
terrorista,21
joffasgress,21
lucatarditi,21
Anonymous32547_,21
root__,21
Bruno,21
Mayham,21
Coctous,21
Anonymous_Forseti,21
Cryo,21
CrossHacker,21
hops,21
LINW,21
f0urteen,21
spitnaz_,21
daedocne,21
TrippyLuck,21
BlackHole35,21
SeckiN,21
agent99,21
darkweb,21
fr33d0m,21
Hurri,21
SeventhSky,21
Gilda,21
Guest44828,21
th4444,21
GlansP,21
madik,21
BlackHara,20
kickasstom,20
VA,20
HabbaZ,20
RebelLegend,20
Ricky901,20
JuggleMyBalls,20
pewpewpew,20
RudeHarvest,20
Guest8803,20
Nosferatu,20
Patch224ddos,20
d_renzhe,20
fermat,20
Fireeyes,20
AaronBarr,20
DeezNutz69,20
alex,20
FireWirer,20
Maskedman,20
szawel90,20
anonunity,20
Shaituz,20
AnonApex,20
ADHD,20
ANARKAN_,20
trip_,20
WhoAmI____,20
vaisravana,20
n9uy3n,20
Anoninternal,20
Jason901,20
SHADOW_KILLA,20
telescope,20
KharNam,20
slavik,20
lun,20
Guest6246,20
Fearless,20
Sage_OF_Six_Paths,20
AnonZulu,20
opodera,19
Fuxstickrk,19
nixin,19
Skid,19
FreeAnons860760,19
para,19
day0hacker,19
dave,19
odes,19
Holk,19
karl,19
Helpneeded,19
HellMember,19
keagen,19
AnOnKor,19
iknownothing,19
ermagherdimposter,19
Ano,19
boffin,19
^FR13ND^,19
lordPoseidon,19
BigSmoke,19
Op_Jamaica,19
OpJamaica,19
Guest60184,19
shedu,19
BillyBob,19
DarkLink,19
WolfCypher,19
griz1,19
WitchingHour,19
shadwcopy,19
ukar,19
P0ny,19
anon_chris,19
Riktiisnake,19
theman2198,19
asddsasa,19
RogueWolf,19
V,19
hacker,19
anonbutcherM,19
Ragnarok,19
hekker,19
MoHD,19
bl00DLusst,19
Cr1ticalH1t,19
Liberius,18
wolf,18
MarthaStewart,18
hAckStAr_,18
Anon1337,18
ramsfulk,18
bitters,18
October,18
Mrping,18
Freeme,18
kappa,18
BreatheTheIssue,18
mars,18
acab,18
sir0b1xx,18
krypt0Chaos,18
hanss,18
crack_killz,18
FHJJA,18
Guest_,18
VoX,18
nai,18
noname,18
xodiac,18
Anone,18
rty,18
PrivateParts,18
kaka,18
puma,18
idk,18
tphus147,18
cyrwac,18
kullen,18
Monkeybutt,18
Phreak,18
kvinik,18
ossuducri,18
Zem,18
{kravchenko},17
Blackthunder1239,17
Info_Leaked,17
stuntcock,17
shilito,17
hi_,17
Inquisit0r,17
equi123,17
snow,17
REBEL1916,17
R0mulus,17
imawsome,17
fuckbo,17
Ksmash,17
L3nin,17
Labhras,17
Laura0xa,17
rabbit1239,17
Op-Jamaica,17
guest325643,17
Ninjacoder,17
guset,17
SkinRabbit,17
asym,17
XixuS,17
champa,17
malfoy,17
Guest123456789,17
SynthMesc,17
Aech,17
Unveil,17
wootme,17
nitro,17
anon1,17
vaiNish,17
armagedd,17
nutty,17
Guest57840,17
c0nn3ct4,17
optimus,17
Christmas,17
mastercrawler,17
Jacob,16
Orphium,16
P4nz3R,16
hskdgf,16
_Nick_dtc79,16
Hermes,16
intel822,16
Thunder_07,16
hax0r,16
FawkesRR5N,16
hakarin,16
lary,16
entropy,16
katey,16
Muihtil,16
SQLMAP,16
hasNoClue,16
cocoflexme,16
lali,16
Adon,16
tragical,16
Catoz440,16
Punisheraa_,16
AndroUser2,16
Anon_lulz,16
MasterChief,16
DarkStar_,16
milos,16
][RyoShin][,16
Guest14354,16
Cr3dibl3Thr34t,16
DMT,16
Particle,16
ViolSocial,16
Lauigi,16
Lauigi_,16
bora,16
Morpheus,16
sammy,16
PR1M3-1NST1NCT,16
ahz,16
BOOOFH,16
Skinner0x,16
ipman,16
NoMoreATesla,16
Garbodor,16
Im_Just_A_Comedian,16
razor_shifty,16
Ilikecarbs,16
AnonNewb,16
manjaro-mate_,16
aur3l,16
holyrevenge,16
AhmedWolf,16
allahuakbarr,16
devil260,16
happygood,15
annonymass,15
Boronic,15
xlover_,15
Shrouded,15
UrbanParagon,15
Voila,15
madhatter,15
Vex,15
Guest40284,15
feist,15
UnnamedP3ter,15
daddy,15
impso,15
hack,15
MiniPizdec,15
anubis,15
fipso100,15
Soni,15
gallumbits,15
IamCurious,15
caesar,15
orderdido,15
Elliot,15
SirAnonRobot,15
sippy,15
iheartneedles,15
l0new0lf,15
opgiraffe,15
opert,15
n37sl07h,15
w1mp,15
n00b,15
defeat_corruption,15
slippyslappy,15
[0xAA],15
cgianon,15
unknown_illusion,15
Guest42385,15
w33dexpro,15
PTK,15
raster,15
Bugg3R,15
Jey,15
Guest49387,15
Thespy,15
Encrypted_,15
xeon,15
HCO,15
stefan_,15
darkshad0wz,15
TheCipher,15
wqast3,15
redjak,15
twerkitall,15
Guest45065,15
Giz4Guerrilla,15
Fear,15
An0nFag,15
Jagga,15
Node,15
xVENOM,15
Taurineline719,15
m3Ta,15
doxer,15
P313U5,15
whymanwhy,15
oakacacagugu,15
Guest23627,15
salvation,15
Semen,15
FreeAnalJustAsk,15
xxk4rm4xx,15
newblood,15
Stalk3r,15
lavabo,14
Phoon__,14
blowfish,14
game_player,14
hexagonsaturn17,14
Eleutheros,14
bxs3k,14
CCko,14
blacky,14
sa7an,14
anon_21,14
anon003,14
ANONC1,14
Zeropedian,14
scriptkiddolan,14
CaptainNoMaam,14
sbuilder0,14
AnonAlb,14
r34dyt0l3arn,14
alone_man,14
M3t45P3k7r4L,14
Guest48854,14
_5ph1nc73r_,14
tusharb_,14
N9uy3n,14
lary_host,14
m4dh4tt3r,14
gayboy,14
gr3gh,14
_c0mrad,14
[S],14
R14,14
Raizen,14
filth,14
bae,14
RPZ,14
Vosto,14
paul_bateman,14
Stadnent,14
Ex0xpl0it,14
UnknownError,14
s3skel,14
Gabyhayes,14
Irishsec,14
dularapramod_,14
Bubblegum,14
Tinytina_,14
Anonymous5,14
Bloptic,14
karin,14
corrupting_mem,14
nihm,14
Harmless,14
GreyXor,14
span,14
Heckler,14
Tartanic,14
JRA2010,14
nointerfa_,14
onarandombox,14
islam_,14
WhoAmI,14
Blacksting,14
KingMagnetic,14
Botnet,14
chf,14
bake,14
myth0,14
Kid,14
dedsec,14
ihazcandie,14
Inamorta,14
Sol-7,14
anonuser1337,14
robin,14
Champa,14
FreeAnons-912_,14
Gh0stByte,13
IAmRoot,13
Battlestar,13
C745H_,13
Devilboy,13
HelloKitty,13
urafl,13
Illusion,13
user,13
dularapramoe,13
Script_,13
xclmrk,13
blahblahblacksheep_,13
Anon40,13
shadow,13
dreamstalker,13
deadsec,13
Needshelpvery,13
oday,13
Starry,13
senseN0sense,13
unkn0wn,13
Ngoc,13
NeoHacktivist,13
lex,13
|CrackPot|,13
Arestaeus,13
ilikesth,13
RavenAtTheWalls,13
KEY,13
potter656,13
iCeland_x001,13
romanreigsbadass,13
heyyo,13
Patrovich,13
ErenJ,13
zacdo,13
PsyclOps,13
kristina,13
BitCoin,13
lionheart,13
idosvapvapvs_,13
ks9c9,13
idiocracy45,13
H3xy,13
Bantea,13
DataBanks3,13
JohnCena,13
meta-x,13
GnGr,13
shell,13
wsk,13
ethereak,13
ethos,13
Guest20017,13
Brewer,13
Edenblood,13
hellsec,13
Riotday,13
Guest3277,13
N3mesis,12
anon_power,12
anon2903,12
billcypher,12
arank,12
anoobnon,12
rootBIOS,12
luineth,12
haxx4crack,12
MrChaos,12
Wizkid,12
NCIX,12
eyz,12
n0cturnal,12
WaduHek,12
BitsIsTheMan,12
RRbrotherhood777,12
chief,12
fermioni_,12
nada,12
new,12
fakezx,12
faceless_man,12
pi19rim,12
Rise,12
hackersruletheworld,12
cooldude__,12
RobData,12
RoxyBoxxy,12
Ciphe,12
karla431,12
Scepter,12
BloodySnowRipper1,12
kalisus,12
Serena,12
dead,12
kaiz0ku,12
kresdum,12
Wikipedia,12
psaux,12
dingo,12
hacker117,12
amster69,12
amine,12
blood,12
Nyo94,12
ace,12
htonl,12
radicalEd,12
rE-BoOt,12
OryX,12
P4r4dox,12
Barack,12
r00t_k3y5_BIOS,12
_1312,12
bravos,12
CryptWalker,12
bubbahgump,12
mky,12
Pedocatcher,12
XxanonymousXx,12
mrlord,12
mrman007,12
PoisonWare,12
Silent89,12
|root|_,12
Jvgfdg,12
DrHacks__,12
w1zard,12
Guest42559,12
Aerios,12
vex,12
GalaxySmash,12
Guest58908,12
yolo,12
LIGHTOTITANICX,12
zeon3,12
DrJekyll_MrHyde,12
DevilDzl,12
Algorithmia,12
Guest39130,12
LadyLucy,12
spawn,12
Ghostt,12
wildwolf,12
Anon2442,12
wrong,12
smackbi,12
tacos,12
xnand,12
Harry_Potter,12
Guest36515,12
xu7,12
Guest36547,12
weedex_,12
Guest48853,11
darry,11
Guest54867,11
new_king,11
EAI258,11
I1I1I1I1I1I1I,11
oSiRiS_,11
Exodus,11
Neil_Perry,11
Guest49954,11
Blackhole,11
Ihatemyname,11
George_Washington,11
bit,11
Careforyou,11
Axman,11
Guest9607,11
snowweb,11
InvisiDickCockSauce,11
D0T_,11
Backbox[],11
NotStan,11
NotNotDzl,11
Guest19170,11
zman741,11
Kellyphnx,11
smokeweed,11
iBoy7,11
zCrimePH00z991,11
sup3r,11
G4mb1t,11
Advisor,11
EVIL,11
iLLuMiNaTi,11
NipplesOP,11
SteppenWolf,11
Steppenwolf,11
devli__nstr,11
WeedEX,11
Guest58788,11
Brain_Shot_81,11
Leftie,11
Case__,11
Zerochill,11
Chiken,11
Prime57,11
DarkBleu_,11
bradomin,11
jess44,11
rose,11
hanns1_,11
pawel,11
shinwu,11
newnick,11
ashdasd,11
Justarandomkid,11
Respect,11
romeoprico,11
kid,11
hasNoProperty,11
DrHacks_,11
Sandman,11
SKEPTIC,11
Blackfox,11
L_58,11
puzzzl3,11
anonProwler,11
patrickjane_,11
hacks4fun,11
arionkurtaj,11
Deacon12,11
anontech,11
DonaldDuck,11
ahsdahsd,11
Guest46696,11
heather1,11
Guest45717,11
b4ng_b4ng,11
b0red2death,11
TheMessanger,11
Gr3ySki3s,11
woog,11
comraderogu3,11
eleven,11
Guest43184,11
Flutts,11
Hamza,11
commodor,11
Alpha,10
xCuriousParanoiax,10
pronto,10
cyberLycan,10
DarkTruthHunter,10
teslaian,10
syzdup,10
Q8797965,10
wisefag,10
CyberLycan,10
Spawndemonic,10
Wtflux,10
zer0,10
Kissyou,10
OpCatalunya,10
Guest65311,10
Guest15717,10
flawn,10
ntt2k3,10
Piranhak,10
kosla,10
Levanon,10
chango,10
EmmaWatson,10
LevelUp,10
Enderall,10
x91,10
Defeatcorruption__,10
DarkPapa,10
nazboo,10
whooami,10
Poppy,10
Helios,10
dawn666,10
Curious,10
Bloody,10
Striker,10
Elliot-Alderson,10
nointerfa,10
Vsc_max,10
th555,10
Tharolath2,10
Haze,10
PrinceWalker,10
Guest35325,10
AzoozVirus_,10
pr0ton,10
DHDU,10
harfh,10
Guest3359,10
SilverNobi,10
Sage_Of_Six_Paths,10
engkez19,10
metr0,10
m4rkus,10
M4dh4tt3r,10
m533316c,10
ownz,10
dorL,10
lonedigger,10
bort,10
p,10
jiren2,10
sataniccat,10
MrJ,10
lionJB,10
p0wd3r,10
hitman,10
IrccXD,10
IrisSec,10
stealthfry,10
Guest41212,10
ahd,10
Guest27943,10
drpizzahut,10
Mr_Robot_,10
Reign,10
Anonymous45734,10
heretic,10
sudo,10
waterjustahead,10
Noobs,10
Xenogenisis,10
Guest19455,10
Logitech_Media_Server3,10
Blixyy,10
smurph,10
FinnTheHuman,10
trebeaushit,10
lulwhat,10
YOURNICK,10
mountainGoat,10
j3sus,10
Alexchamp,10
ERRORIST,10
TheEnvious,10
gr8mo10ch,10
mint_,10
yeevy,10
m0rph,10
Ni0x0el,10
Based_Skid,10
NightVinyl,10
Manbogo,10
v_scorp,10
John,9
AnHZero,9
BRUH,9
Satori,9
Jasoos,9
Jacob_,9
pheonixconcept,9
AnonyTAS__,9
eagle,9
esepidg,9
cybersilence_,9
RedSun,9
kabaczeQ,9
Diacetylmorphine,9
deb,9
f4c3,9
f98oj4flsjlij,9
justakidnomind,9
Prodigal,9
Strawhat,9
juricallz,9
Sn1perH4ck,9
invisilol,9
An0ch0,9
PowerZhai,9
Skeletor,9
Hugbox,9
dlr0ww,9
KEY_,9
xdl,9
AnonymousPL,9
Polybius,9
BadBoyAFK,9
do,9
police,9
nullsys,9
Poker,9
fiji,9
B[U]G,9
Amps4daze,9
BlackWolf,9
Gothita,9
w33dex,9
guest,9
leeewdy,9
_5ph1nc73r__,9
tsc,9
lazyNitr0,9
blacksamoan,9
[H][A][C][K][E][R],9
gravedigger,9
woland,9
Z0d1ac_,9
morpheus,9
godwa,9
tractive,9
razepunk,9
CyberMask,9
gillin,9
bufferniggaflow,9
AK,9
tobi,9
c0l,9
tigerII,9
Caillou_,9
adassadas,9
Loafer,9
hitman_,9
lugge2,9
lulz,9
sadasfdsa5,9
luyimbazi222__,9
Doretz,9
Guest37777,9
m1k3_,9
anon1274678026510,9
BrutalJuice,9
AsheSymphony,9
MrOverride,9
hihuo,9
zukizukito,9
vijay,9
ayyildiz,9
bastet,9
bazooka,9
Alameen,9
h4wk,9
N4Before,9
beefmaster,9
c4wler,9
gr8m010ch,9
Weather,9
gala__,9
Or1on,9
CryptoMagician,9
DarkRabbit,9
PHPKILL3R,9
LinkMe,9
clone,9
AnonSF,9
jagwire,9
r0j0,9
Azazel_Andel,9
Tony_Pajamas,9
codors,9
qwertyou,9
ApexJinro,9
corncob,9
nicklas,9
r0bby,9
ag0ny,8
the_w1cked_0ne_,8
Guest39985,8
Seronix,8
asdfads123321,8
Brother,8
FreeAnons-168,8
mayfly,8
Scipio,8
FreakyDeaky,8
steve_d_great,8
packet,8
axman,8
Team13,8
clocco,8
HAZE,8
bbygurl666,8
jerry,8
clove,8
vagina,8
jamesbub,8
yaxato,8
anonuf0,8
wrong_army000,8
Goku,8
anonj,8
eRr0r,8
m0na,8
anon_ophell,8
penisflap,8
Flash007,8
cometogether,8
anon_,8
anon9srg,8
dunk34,8
anon86,8
anon7a65726f,8
loolz,8
ari8827,8
Black_hat,8
anon2020,8
H4CK3R,8
dadada,8
Clubic,8
daima,8
burger,8
Blake,8
wh0kn3wth3f3w,8
Aquatex,8
Brahma,8
Void,8
Guest7842,8
mspaint,8
BL,8
nabbZ,8
much_fluff,8
much_troll,8
Guest63169,8
Shad0w,8
Spirit,8
k7777,8
deeznutz,8
oldfag,8
tomato_,8
StanLee,8
G4mbit,8
canderous,8
n0deX,8
tilexkroto,8
StoCazzo,8
devbaka,8
themask_keeper,8
opr3r007,8
Guest9006,8
storm,8
Guest65295,8
mellia,8
abc123,8
Inde_Santa_pherable,8
Arka0s_,8
doktor,8
UnitedSecAnons,8
wEdex,8
chiren,8
bl4ckn1ght,8
kangizu,8
dlonhdgkjd,8
_001x,8
ncix,8
Avoc,8
ch0ng,8
VictorMe,8
Slowpoke,8
Zezima,8
ops,8
AvexBug,8
blikewater,8
Uri,8
Camul__,8
fried_potato,8
zDarkSoulz,8
ircamateur2018,8
JulianAssange,8
pybot,8
E-o_SkuLL,8
RickSanchez,8
sam,8
sinatra,8
RetrO_HaVOc,8
DreamWave,8
hades,8
radu,8
socraptic,8
Linsanity,8
erOr,8
AnonQ,8
Ranger0,8
flat,8
internetpolish,8
zsombr4,8
Reapr,8
Jwo92612,8
ramojani,8
K1DY,8
errorbasehacker,8
gayhomosex,8
fear,8
plzira,8
Effexor,8
zalaza-lim,8
qbit,8
KxK_PrajurID,8
zamir,8
Danh,8
Emperor,8
ECH[0]ECH[0],8
Quark,8
Doraemon,8
BeCome,8
DJ_NiggerBob,8
Lucky13,8
Ner0,8
DarkSpartan,8
someone_,8
RiiG,8
KRPOL1N1,8
Anon420,8
s0und,8
deth,7
Guest60956,7
Xenogenesis_,7
grumble,7
skye,7
REB,7
Fuckinae3-3,7
FRANCIS,7
AndroUser,7
glider,7
bugguy,7
kali,7
raveralien,7
le_penis,7
DarkFire,7
Guest56909,7
boiu,7
Xozz,7
Zen1,7
Guest57792,7
Guest57921,7
tonkpils,7
dede,7
Guest21900,7
Zacdo,7
D3athmach1n3,7
Guest21555,7
GUEST666,7
StiG,7
Special_Ed,7
mirtelematik,7
deadmau5,7
zombie_,7
GUI123,7
[Na],7
oiye,7
redemma,7
[Z],7
Tasty44,7
butthole_surfer,7
theflash,7
Veist,7
zerodotseven,7
Big_Thomas_reppin,7
TheOffspring,7
PegasusAE,7
Have_We_Go,7
Outsider,7
V0ID,7
kevin_mitnick,7
Guest,7
DarkPawz,7
H3ck_Assisant,7
zckdrgnl,7
Unicorn,7
fuckyourmarginbitch,7
cr1sp0x4rd,7
kiraXpain,7
idscipuls,7
frankinVictorMe,7
whoami112,7
zero,7
Typhoon,7
BilBarBo,7
PLEASEdontHACKme,7
Venokaze,7
Guest9590,7
no-body,7
nato,7
Hinako_Chan,7
mxxt,7
skipper,7
gefdikx,7
Wedex,7
zeta,7
Cherry,7
Pieces28,7
capcom,7
Guest6716,7
six,7
notdickbutt,7
galaa,7
Erotes,7
Guest777,7
cyberkill,7
Krishna,7
carbon,7
Th3B4dDuck,7
Th3kinG,7
Elliot_Alderson,7
KryptonXXX,7
Em2,7
mickey_angelo,7
juricalz,7
blackPAnther,7
arkade,7
DOG,7
herocool,7
Guest45007,7
zron,7
DJ_Snowman,7
ahz200,7
ahsdhas,7
AfonsoHenriques,7
Muzic,7
zr1d3r,7
spex,7
littleBug,7
Shinigami,7
uw00mayee,7
SPARTAN_DAGGER_,7
anonymousr,7
SH4D0WTH13F,7
piratica,7
Ravanasura,7
h3x0r,7
SatoshiNakamoto,7
Redskull,7
anathem0,7
amox,7
starstruck,7
underscore,7
Schoollibrary,7
Fapfap,7
maniac02,7
Irilis,7
ScP,7
Guest4297,7
Guest39732,7
yoshi,7
Batmoon,7
MrID,7
splint,7
alexi,7
SDMF,7
scribbler,7
unenforcer,7
DontKnowDontCare,7
lulface,7
anonkek,7
distro,7
Jlul,7
Firehat,7
dissident,7
DonaldDuckey,7
rikinside,7
mesk,7
BlAd373Run,7
lethe,7
somnium,7
__3G__,7
abakada,7
Guest26977,7
bin,7
eDeX,7
SloppyTits,7
Needy,7
JoinDark,7
mejustme,7
linc,7
stuxnet,7
Guest34880,7
jay,7
fuccsocc,6
Bumm,6
casper_,6
scar,6
saberu,6
anonnew,6
Don_Ehrenmann,6
whoami_,6
Mr_Paradox,6
anonspider,6
EnglishManInNY,6
thesocrapticmethod,6
asddagtrhy,6
AdmiralCrunch,6
BoutonIA,6
anon-y-mouse,6
BeexAttackerKH,6
Atadon,6
Guest1439,6
WHOAMI,6
UnknownUser221,6
ko,6
hashy,6
Vatrius,6
helpomg,6
H4CK3R30873,6
MeepSheep,6
aonearan,6
Veridical,6
anon49,6
theman2198_,6
Mr-McMarty,6
Antivist,6
Maxxy_Pedro,6
namefag,6
cl0t,6
LegendOctober,6
Demented,6
c4ptn3m0,6
ElectroMagnetic,6
belzebu,6
NERO1122,6
monelas,6
ERORR,6
Guest27087,6
trisquel,6
acacia,6
Guest27441,6
Guest15711,6
Z3RNA,6
shadowX,6
Guest20598,6
Cerebr0,6
scriptassmarkdolan,6
bobby,6
grey,6
blak,6
blade,6
scriptkiddy,6
trutherbot,6
Guest56047,6
NIGHTOWLISFURIOUS,6
guest8080,6
___,6
idontknow,6
groot,6
[^]-MaxFuck,6
Netcat,6
Bast,6
Alex-MenX,6
bl4ckthor,6
hotwheels,6
Guest2,6
mr-robot,6
hiraeth_,6
lmno_,6
game_player_,6
hijackedpacket,6
Guest15727,6
Broncos2524,6
O_800_200_NOW,6
DUDE,6
mick,6
Broken_,6
Chax,6
byoverall,6
kwickedgamerchea,6
lmsck-00132-11,6
alejandro,6
wetcircle,6
WindhelmGuard,6
Loki_,6
DoloresVyper,6
tony,6
Witch3r,6
Guest44096,6
ako123,6
All_A_Little_Kratom,6
random_asian,6
akm,6
LoganFive,6
Nourish,6
Chacon2,6
Mutinous_,6
razor,6
DividedSky,6
trutherbotblack,6
sorn3r,6
Codors,6
paradoxxy,6
quant,6
Qwerty04,6
JWMZ,6
CrazyParrot,6
Clown,6
Anonpop,6
Rav,6
snafu,6
dabos,6
protagonist,6
suomynonayats_,6
ConMon,6
darkmaven,6
Anoyyuwv,6
oxy,6
jellyhead,6
Dead,6
taru,6
SaurikSI,6
pap3r,6
Szy3ch7a,6
subconsciousbollocks,6
KalibRx,6
Ghostman,6
Philip_J_Fry___,6
djmtc-mp3,6
dlr,6
Ex0spl0it,6
Kojay,6
FatController,6
Insurgent,6
exitn0de,6
SKA7,6
Eon,6
pewdiepie,6
Sheytan,6
Lala000_,6
inside,6
BadBitch,6
free-handjobs-justask,6
Rockefeller_Tracker,6
FreetheInter,6
joejoe12,6
RobPaul,6
wickedwolf,6
phraxos,6
PumpkinButt,6
eMO_KiD,6
Pseudoserenity,6
Theycalledmeapussy,6
xor_,6
j0nvier,6
jeke,6
LERRROYJENKINSS,6
paye,6
Hamma_anOn,6
p_,6
karigar,6
Illuminati,6
nickname,6
MR_X,5
Simulate3r,5
IllogicalThings,5
AnarchyOverride,5
DWORD,5
D3v1aN,5
Fabbro,5
Dystopiatic,5
abel,5
poor_anon,5
Shutthefuckup,5
Guest27139,5
tyrad3,5
Rand0m,5
Blackspider,5
powerzhai,5
invisilol_,5
twitch,5
R0nnie,5
dell,5
DeepSecurity,5
blackwolf,5
delCr,5
Fuyoublackhats,5
Trace,5
Anonbro,5
Newb,5
ezrider,5
deeznutz19,5
olololo,5
greenPastures,5
Anon_lulz_real,5
shabos,5
ooaks,5
SolusLups__,5
BlAd373,5
Guest5059,5
Kalbert,5
guestanon,5
guest_bait1234,5
rioter,5
_________,5
Ra-Atum,5
Slayer,5
blackbloc,5
dexterthemethorphan,5
KalibRx_,5
D3m3ntor_apprentice,5
black,5
turtleplanet,5
guesanon,5
Anoninternal_,5
next,5
john_,5
Doge,5
RickGrimes,5
Justakidnomind_,5
roro,5
Mayor,5
patch224ddos,5
apprentice,5
samsungvodka,5
JR,5
duk3m,5
Guest38661,5
Drebble,5
Masquerader,5
urat,5
enjine,5
spiff,5
jepper,5
Bullwinkle,5
Driftm_,5
AnOn_KOR,5
Anonymous-Own3r,5
ecomaniac,5
Guest35274,5
Guest35781,5
lulada,5
jackp0t,5
BumpyCode06,5
Guest36376,5
spOnonACRI,5
jason88,5
v0nd0n,5
Busty,5
SAGE,5
haxor1337,5
Jolts,5
MrFont4ine,5
vanantoh,5
Mvlt1T00L,5
K4L1NUX,5
Guest43467,5
FreeAnons-196,5
K4L1NUX_,5
p01s0n,5
xx,5
prof,5
badboy17,5
Shadx,5
ubiquity,5
FreeAnons-443,5
Dutcbboi,5
Anonon1234567,5
CC3,5
RapeEngine,5
Broken,5
hacker-nika,5
BabyBlue,5
Ahmad_Waqas,5
p1t4g0r,5
satanluvsu,5
srilankan,5
Arzt,5
savage,5
pizza,5
lollipop,5
asmodaios,5
D4RCK_M3,5
mahaggony,5
rollo,5
atrx7,5
Anonwolf301,5
axeofwhiterun,5
errorbase,5
Seismic_wave,5
Lowkey_,5
Guest22054,5
Rooster,5
H0n,5
HillaryC,5
firehat,5
nebilovesyou,5
OFF,5
Guest17068,5
TRAZ,5
BigMeIsTEr,5
TKO_Anonymous__,5
dafuq,5
Nutty,5
OutrageousVampire,5
tg777,5
WildPitcher,5
LoganAyala,5
danken,5
TheRealGuy,5
Bluebags,5
topskid,5
Guest974,5
l1nk3n,5
Banshee0,5
VoLuM3,5
britney,5
numnum,5
EphemeralCockroaches,5
OvEr_PoWeR,5
kampalacyberamy,5
Apexx386,5
fr0do,5
Wentelteeftje,5
Kzi,5
Bitcoin,5
Guest8426,5
krew7_,5
no-on,5
terroristb,5
Gnowes,5
Optional,5
telif,5
Demosthenes,5
OpusDraconis,5
nops,5
Orcus,5
flo_,5
Altria,5
cyka_blyat,5
Balls,5
x001,5
Phant0m,5
Googlesbutt,5
n0t_safe,5
ilken,5
notv1,5
gast12345,5
shark69,5
silo541,5
f0x,5
chuch3t3,5
Headache,5
Klaus,5
cipher1234,5
triangle,5
Kirball,5
Guest1147,5
freeze,5
Yossarian,5
dd__,5
NoFreedom,5
bombastershop,5
t0rch,5
ddosblink,5
Hamza_,5
Xpansion,5
HER01337,5
the_w1cked_0ne,5
szy3ch7a_,5
Delta5,5
Yetzer,5
oka,5
Emsp,5
newanon86,5
connect4,5
lampshade113,5
BettyB00P[U][S],5
Leonidus,5
AnonPerZeus,5
laelcuc,5
xlzt,5
TrevorC,5
Lalkad1337,5
Bishop,5
mrxxx,5
Gabyhass,5
Noobita,5
AllTooHuman,5
favecentmoe,5
Zackdrganeel,5
way,5
xkeamy,5
UnkAnonLGN,5
funcat,5
EyeInTheSky,5
katleen,4
cog,4
freeyourhead,4
xy0,4
ibm9888,4
GodZilla5ever,4
cerutine,4
Guest12186,4
wodatas,4
jamestesla,4
Guest31978,4
A972812,4
FlokyGrey83,4
chuck_dorris,4
emmarex,4
loucifer,4
anonzero,4
crash404,4
Equinoxe,4
korpid,4
crimson,4
cipher0101,4
hidd3nstring,4
ckd32d,4
louis,4
kernel,4
emogee,4
zer0Days,4
zxxxz,4
fr0zen,4
g0df47h3r,4
jason85,4
king,4
water_bottle,4
Guest16839,4
aspect,4
bisk,4
EdgarAllen,4
zoro,4
Frt,4
inc0g,4
Frozen,4
davinchi199219,4
Brino,4
jumbalaya_999,4
ethDey,4
FreetheNet,4
leocr,4
xhunt,4
billo,4
i0,4
FRIENDLYFRIEND,4
wa7,4
Diako2,4
infltr8,4
gr8m0l0ch,4
dee_two,4
f33_,4
Fusion,4
goxy,4
Guest20689,4
blurryface,4
gnowes,4
evilhunk_,4
gotyo,4
xray,4
anonuser,4
Guest22523,4
EccentricGenius,4
w0ke,4
bg,4
Guest15484,4
B1ank,4
drJotker,4
DimensionDemi,4
Gh0ster,4
Abradolf-Lincler,4
b0t,4
Dumbo,4
captaindeadpool,4
APEAR987,4
Ac3n34d_X,4
drk_lrd_777_,4
GnA,4
vexxlion,4
jeyzuz,4
drxi,4
lizzard3,4
Guest16941,4
jon,4
beerbottle,4
joker,4
brooke,4
xaocs,4
Guest18869,4
dark,4
bekla,4
bunnies,4
gen0,4
johntheripper,4
daniel,4
zckrgnl,4
wetwilly,4
EightReprise,4
bakka,4
Boruto_123,4
hekk,4
DarthNathanius,4
AnonSathira_,4
typedef,4
SexyTeacherBot,4
OFF_,4
Cicada,4
XCONH0LYR3V3NG3,4
sosueme,4
OK_STOP,4
TommyBoy,4
niceguy,4
stayslothy,4
mercy_h4x0r,4
skull,4
pack3tz,4
stargazer,4
DarkMans,4
Linkfish,4
Plaz,4
Nyx-LL_,4
p00l,4
Shabby,4
Info_Leaked_,4
Skidler,4
Nimon77,4
Chiren,4
strock77,4
Rick,4
Power2All,4
ptrace,4
Chaocius,4
NyRealNameIs,4
An0n0m0u5Gh05t,4
Hashy,4
TheSketcher,4
adfw,4
JoRo,4
niggerfaggot,4
meTa,4
JB,4
meteo24,4
redsecops,4
_err0r_,4
peterfun,4
PROTAGONIST,4
Guest60057,4
Ctrl,4
r,4
Zerus,4
Parabox,4
KrampusKeddy,4
H05T,4
AliceInOpSec,4
tristitia,4
PaulRev,4
L3GI0NX,4
L0n3w0lf,4
peribit,4
Perzeus,4
Yoshi,4
UF0WH0RE,4
newbie,4
Guest60598,4
ConMon_,4
Orion-computer,4
Caddy,4
Sweeder,4
Merrors,4
r0oter_,4
Pinhead,4
r0dnaC,4
tush9211,4
Xidust3r,4
paranormalshapeshifter,4
particle,4
JStorm,4
ttrx,4
ST-84,4
Xerces,4
P5yph0n,4
ProfessorLeet,4
Jeff,4
necessary,4
Watcher,4
system32,4
WerBinIch,4
Starrry,4
MrAce_,4
Stalker,4
sysgov_,4
synTax,4
sat,4
Guest38474,4
Squall,4
Amiras_,4
Spekter,4
anon007,4
one_h3ll,4
Space,4
TheCrypto,4
WhiteCloak,4
thundercunt,4
Guest36642,4
Recursion,4
Monty_,4
popurri,4
Syntaxious,4
SuprTrlln,4
MercySt0rm,4
Bunz,4
Mikle_,4
anonhawk,4
Mindzsec,4
powerrangers,4
Sub-Zero,4
Mircoco,4
rv,4
rumplestiltskin,4
Mjolnir,4
rubix,4
Wantsomehelp,4
CraneZuraw,4
Anon,4
TSwizzle,4
andy,4
ILA36650,4
suomynonayats__,4
Vega,4
notme,4
Nemo,4
nonameman,4
sephiroth2496,4
Kharnam_,4
aliks,4
multithr4d,4
Skyr1m,4
manpraisebankera,4
Winborn8,4
alan,4
pitbull,4
NickyPicky123,4
Keyb,4
SnickL,4
roben,4
C0s444,4
Q-bert,4
MIH-Haxors_,4
Kappy,4
Muslol,4
ooooooq,4
MyNameIsJeff,4
Herodotus,4
Terminal_Rat,4
pleasegod,3
erorr,3
BLUETIE,3
Ragnaroot,3
AVVunit,3
AnonyTAS_,3
Justme,3
A_Filthy_Casual,3
Cooldude,3
DatamoniANon,3
sourpatch_,3
sopi,3
K1ra,3
yourdick,3
jackP0t,3
Rogue,3
Felix,3
yeb00st,3
v,3
drink1n,3
Dew1,3
IDKaliTeam,3
Iamthecure,3
Skynet,3
IamCuRIOUS,3
SmGH,3
Smurph211,3
SnowWhite,3
devc,3
SolusLups_,3
SolusLupus,3
justaguest123,3
derpanon,3
juxt4posed,3
dempty,3
IconicLion,3
dell_,3
St0ne,3
kaiman,3
StelveFlame,3
CoalRouter,3
kaizoku,3
okay,3
xiaozy,3
DeezNutz,3
t0rch_,3
BloodyRipper,3
Supremacy,3
djHippie,3
Igglybuff,3
jason,3
Colossal_Dasher,3
Jayar_Lozano_idiot,3
Coo6lindha,3
e11i0tOS,3
pawel_,3
dust3r,3
James,3
Jajja,3
Confl1ct,3
dunesBOY,3
JB_,3
y,3
xyzrtty0zt67vg,3
xxxk4rm4xxx,3
dobby,3
RageJedi,3
ServOper,3
stilbruch,3
jmf,3
ozric,3
FreeAnons-444,3
FreeAnons-608,3
InnateApathy,3
john,3
own3r-anon-now_,3
johndoe,3
overdose__,3
eth0,3
Badscript,3
Craiders,3
Daniel-Meter,3
sh4d0wth13f_,3
seronix,3
Newbie,3
greycadet,3
seriousblack,3
Lulz,3
Lyssa,3
redzed291,3
guest1234,3
guest42680,3
scytale,3
NYD,3
gvpnat,3
Dysph0ric,3
rester,3
Cyko-32,3
RXTOxxiC,3
DarkInMe2,3
rassvet,3
NotIuIz,3
znw,3
NopeOut,3
glitchfest,3
glodius,3
real_ack,3
CykaProtest,3
recycled,3
hunted_axon,3
hub,3
LooP,3
shadowcandy,3
gparted,3
h3xram,3
NAVA_,3
DaVinci,3
MercyBot1,3
Dr_Tryx,3
root_ophell3333,3
Moody,3
hewlck,3
salaott,3
sahadeva,3
Minx,3
N3TPH4,3
hellojack,3
MindFlayer,3
Militem,3
Meyaz_,3
Mew,3
heinz_7,3
{a},3
Anon2020,3
sancti,3
MrCha0s,3
hah,3
root777,3
hacktheplanet,3
DroX,3
MrX32D,3
romania,3
Dryd3n,3
Mu731XD,3
hilli,3
hippo,3
MuddiMan,3
MultiColoredHat,3
MutexLock,3
giftbox,3
CyberGhost,3
EgyHaxor,3
Anon_5768,3
BitsOfSkin_,3
Polli,3
Polish,3
imgettinghacked,3
Kommando,3
purp,3
Pikachu,3
pz2ets3pos,3
Korrupt,3
ANTIFEAR[][][][][][],3
Krokodille,3
foot_fetishist,3
pyR3x,3
iii,3
zackdragneel,3
zacdo_,3
fallenangel,3
Klaatu,3
Kingler,3
f4c3_,3
Kierika,3
KharNam_,3
prime8,3
insidious,3
integrity_,3
KampalaCyberArmy,3
ROFFARR,3
eveex818,3
z29k,3
ethernaut,3
KaliMasterRace,3
py_developer,3
L_,3
Locus,3
Omel,3
Orbit,3
Cyb3rMn3m0ni1c,3
EliteOutlaw,3
Lisa16,3
raiz,3
AnonPerzeus,3
iLOVEhamburgers,3
L_1,3
Odin1984,3
EisMCSquare,3
AMG,3
geezus_,3
random,3
Nyx-LL,3
fwadrian,3
r4z0r,3
r0gu3,3
icebreaker,3
fucko,3
r00turb0x,3
fuck_allah,3
fuck,3
Lecsec,3
Lean_R,3
Bill_Gates,3
PLZ_HELP_ME,3
frlx,3
Enigma[Gate],3
LawstWon,3
Cryptonite,3
free,3
david,3
SpazzGhost,3
SyndicateX,3
Voqet,3
ch045,3
white,3
kreosus_,3
VinnieOmari,3
whicharmnow,3
Viserius,3
badkadarchodwa,3
wherearemyoats,3
Guest874,3
Guest8510,3
catchMerlin,3
Guest46731,3
Guest27792,3
visamun,3
ahkjdau764378yfff,3
n16h7th4wk,3
Guest64798,3
Ava,3
WhooAmI,3
Chatzozo,3
Guest17769,3
kvinik100,3
mushroom,3
agito,3
toner,3
WildPitcher_,3
akamaru101,3
VictorI,3
Wingnut,3
chicken,3
kirzin_,3
UncleSebby,3
the_wise_bit,3
cip,3
Guest13567,3
Demand,3
Gugalanna,3
User2k17,3
neobie,3
Guest13922,3
lokki,3
V1gil4nt3,3
Guest14515,3
Guest14841,3
Guest25219,3
ambla,3
Guest42903,3
koral,3
maniac2,3
C745H,3
all_throw,3
chanse1,3
needhelpFAST,3
Guest43493,3
Guest28993,3
Guest14764,3
Guest46831,3
bumchum,3
Ulysses,3
tryhard,3
mememere,3
moaad1,3
Guest48062,3
letsgo123,3
ZombiPuk3,3
Brainiac202020,3
blah,3
ZombieZippy,3
vyruchajka,3
mipsy,3
blacksnow,3
[na],3
mictianrayne,3
tylus,3
blackhathacker2,3
_,3
Guest23130,3
Guest5227,3
Guest2585,3
Guest51090,3
Guest50915,3
__2h1s,3
_darkcobra,3
CYBERCRAFT-synaptics,3
Guest49072,3
_zombie,3
bfb,3
Guest20960,3
Demon,3
Guest19274,3
Guest2769,3
WolfofWallStreet,3
weev,3
Wonder,3
Galahad,3
lady_lucy,3
tphy,3
mbogaman,3
X-B,3
br4dd,3
weedexpro,3
mrrobot,3
Guest61082,3
lastjediontheleft,3
uDead,3
books4life,3
vypr,3
boo,3
mriwata,3
webuser2255,3
mpelelezi,3
Afaik,3
mechagodzilla,3
wayt,3
bmf,3
Yog-Sotho,3
maltego,3
vikoka,3
cryptomillz,3
xVenom,3
antifadoggo,3
v4v,3
HiloveDICKsHamburgers,3
Guest34399,3
m00ky,3
anon,3
THEMAN2198_,3
Havulinext2me,3
lolwuy,3
asaasa,3
Cicada-3301,3
nivinpauly,3
AuburnCoil,3
Hineni,3
Havoc,3
m8trix,3
Ciph3r,3
danne,3
tg777_,3
Harambe,3
antiop,3
anon246531,3
anon2903_,3
TSLA,3
anon99,3
Guest33059,3
telepathic_b0y,3
cyberdom90_,3
HellNo,3
Asombroso,3
karla431_mobile,3
temp34567,3
Clear,3
user_,3
noahs_boat,3
cyberD1lDo,3
Hayse,3
antrhax,3
Hayro,3
nsot2,3
crytech9,3
Guest325,3
m0l0,3
Ace,3
TheRabbit,3
Guest31369,3
kickoff_,3
nibba,3
anonymout,3
Hola,3
darkrocket,3
Guest41687,3
tRanCEfAwkEs,3
killida1,3
Trinity,3
aspirante,3
Hacking_sy_free,3
lol_malware_lol,3
Guest35221,3
vbsdffd,3
Guest1343,3
Hoplophobia,3
Guest31163,3
Guest36361,3
UNKNOWN[][][][][][],3
Guest35718,3
Topkek,3
codenamexyz,3
Buzzer,3
nickers,3
ToXiC_cLaN,3
anonymouslew,3
Tippyshot,3
anonymousnll,3
Gaypal,3
nic_91,3
taa,3
Asteann,3
Hahao222,3
magnum,3
Aterone,2
hellofriend,2
metalwinter,2
zeroninex,2
AghFarokh,2
hellow^,2
Anje0o8,2
user__,2
iNehMan,2
lijen6,2
lulzdrone,2
messk,2
salka1991,2
sheen,2
medtun,2
lulxdxd11,2
uz3r,2
iLLusion,2
lg,2
rudy,2
meo,2
mell,2
lotus88,2
robert10,2
iCeland_000x,2
Ajax2,2
undefined,2
hin3s,2
voId,2
vitalanon,2
ll,2
undefined3,2
unetical,2
magicbeanZA,2
manisco,2
loldongs,2
lo4ck3r,2
revolution,2
vilgi3,2
rodpix,2
magpi,2
Anon682,2
roboctop_,2
senpai,2
seed,2
AgentVB34,2
risa00,2
hkkk,2
malwareee,2
AnoNix,2
mail,2
mavervick,2
scarar,2
{Kira},2
red,2
hg,2
randomowynick,2
ABearDroid,2
iBoy8,2
link,2
rawdog_anonops,2
Ako,2
shaituz,2
loop,2
hx0requiem,2
mainoverlord_,2
lizard_leader,2
Ashfall533316_,2
zvm,2
lool,2
root,2
vulnbae,2
user0,2
hunter_x19,2
hihihihi,2
maxxe,2
zoe0q,2
AIOZ,2
rebooting,2
valdamor,2
iVs,2
zacho550,2
legacy4208,2
p3nut,2
th3g0df47h3r,2
nirmal_baba,2
AnonymousJohn,2
niv,2
johndee,2
kelmaurich,2
wrong_army,2
johnstones,2
strelok,2
nixnetworks,2
johny,2
AnonymousTurkey,2
subutai,2
AnonymousUSA,2
osirus_,2
Acid,2
stikit,2
spaceghost,2
Azezel_Andel,2
Antisec,2
peepeeboy,2
newToN69,2
newblood_2_,2
the_real_ack,2
the_heat_man,2
yakko,2
patsukin,2
patrickjane,2
whoamiiiiii,2
the11thindian,2
kidman,2
jesse,2
Anti,2
xyz,2
suchfail,2
nixon,2
tg444,2
suh,2
omeg,2
null,2
null_,2
tara_,2
xXx_1337s_xXx,2
nullhit,2
xXxanonyxXx,2
okuna,2
nullified,2
kaosmask,2
oathkeeper,2
Anonymouz_12,2
xia,2
t3sl4,2
kaligula,2
onDemand,2
lukenzyto,2
xnb,2
notbob,2
jroc,2
nolies,2
sunscreen,2
wubalubadubdub,2
suomynonayats,2
noobiestnoobeva,2
x3r0x,2
jvj_,2
teddy,2
tatatatatpm,2
AlphabetSoup,2
xKeamy,2
one_h3ll_,2
surfer_dude,2
pengbomber_,2
pesti_,2
shert,2
trez,2
motherof,2
sirrah,2
Anon_21,2
lalipapa,2
punter,2
week_,2
punk,2
pulseaudio,2
pseudofred,2
incog,2
totally_not_v1,2
l1nk,2
zaC0de,2
slight_disillusion,2
professor,2
moth,2
qiuyian,2
who_,2
lazar-projects,2
shicker,2
iceKill0,2
micheal,2
waafo,2
wabbit,2
wanabe,2
wannasmile,2
idosvapvapvs,2
Aramayar,2
trustnobody,2
troyan,2
warhammerOfWhiterun,2
shwe,2
mooose,2
mootolderman,2
insid3r,2
l0n3r,2
sm998,2
tmux,2
youremomgay,2
nebivapors,2
yolols,2
pink,2
solnichy,2
sombat20,2
yekr0,2
Anya,2
phreak,2
philosopher,2
jack102,2
kode,2
AyyLmao,2
yayman,2
pgpfox,2
Aarag0_,2
pixelpusher,2
pjanetrick,2
thesolution,2
ppshack,2
AndChat|338289,2
myalyenanonps33,2
kumng0,2
thunderblack,2
thu_,2
n9uy3n__,2
plawsiBLD,2
theredwarrior,2
ion,2
z2966852824,2
Anonneedshelp9999,2
Anarchist,2
ishmaeal,2
saberchan,2
Doim,2
RRootSec,2
RedDragon,2
CowBell,2
RockNRoll,2
Roach_,2
Rizeup,2
Rickyrick,2
RickestRick,2
Retr0,2
Regretful,2
Reakwon,2
S1L3nc3r,2
Cracked,2
Raptyl,2
RandomUser,2
Qwerty_27,2
Quantum,2
PussyCat,2
Punisher,2
Proxik,2
Russel_Villarin,2
S4ibot,2
Spex,2
SecureGrounds,2
Som-Ting-Wong,2
Soldier,2
Smile,2
Cod0,2
ShutDownNetwork,2
Shins,2
Sh4d0w,2
Sep0rat,2
SecThor,2
S4in7,2
SeanConnery,2
Script,2
Saviorr,2
Sargeras,2
SakulaVSDaesh,2
Sage-of-six-paths,2
Sabu_Is_Back,2
SQL,2
Crinston,2
Power,2
Porringos,2
MrExploit,2
Nioltifarem_,2
Nie3F,2
Nickychoot,2
NathanWilde,2
NEGATIVEZERO,2
N00B,2
Mysstery,2
Mutinous,2
MrCloud,2
Poleinthehole,2
MozaRan,2
Mogli,2
Mbogaman,2
Maze_,2
Maze,2
DJ_runhtml32dotexe,2
Maxxy__Pedro777,2
MaxHeadroom,2
CyberPl4gue_,2
Nmi,2
OmegaGod,2
Cyber,2
Pieces28_,2
Phangz,2
Pecv,2
Crypto-Anarchist,2
Papichulo,2
Paix,2
PB_3xpl0it3r,2
P0ny_,2
Curse,2
OxO1,2
Outs1de,2
OutrageousVampire1,2
Osimendias,2
Cyb3rFly__,2
Ori0n192,2
OrgonRT,2
CybOrg9242,2
Spawn,2
StAsaph,2
Margarin,2
a3,2
ahsd,2
CCC,2
agony,2
adde,2
acronoxine,2
ablil98,2
CHAnon4113,2
a_blackhat_anon,2
_noot_,2
akwen,2
_Ati__,2
_6502,2
_2317,2
Zckdrgnl,2
YaVasShatal,2
YY1,2
Xpl0it,2
WinonaCry,2
ajsdjasd,2
alexzjz74,2
SudoSays,2
anon_2,2
asdasdf,2
asa884015,2
arandomnick,2
antonyokay,2
anonhack,2
anonbisk,2
anon_todd,2
anon_nun,2
anon1347,2
algor,2
anon12312312,2
anon123,2
anon-y-mous,2
annnooon,2
anarchy7,2
aml,2
amir,2
alone,2
Willy82,2
WilliamCharity,2
WhiteHatAnonynous,2
TestedManto,2
ThirstForKnowledge_,2
TheRock,2
TheJollyRoger,2
TheDeepExploit,2
TheCurse,2
TheBR0,2
Th3Bl4ckP3rk1ns,2
TestedTesla,2
Testay,2
WhatTheFuckAmIDoing,2
Tebay,2
Talon124,2
Taco,2
TH3J0K3R,2
TDMER_,2
T0astyT0aster,2
Swagatron,2
Sulf,2
Threatened,2
Thunder_07_,2
TorNetwork2017,2
TradeMark,2
Wh04m1,2
WeazBoom,2
ChekkyFreak,2
WannaSmile,2
WIlston,2
W0rldC1t1z3n,2
Chippy,2
Volken,2
Versa,2
V_for_Vagina,2
V1ru2_,2
Username,2
Undergroundrr,2
Umbro,2
Uhmeowu,2
Tyrael,2
Tyler,2
Maricon,2
MIC__,2
Brooke,2
Guest18820,2
Guest23156,2
Guest23055,2
Guest22482,2
Guest21740,2
Guest20385,2
Guest19834,2
Guest198,2
Guest18940,2
Guest16574,2
Guest23622,2
Guest15446,2
Guest14857,2
Guest12761,2
Guest12373,2
Guest1163,2
Guest10885,2
Guest10002,2
Grant,2
Guest23612,2
Guest2405,2
Guest47900,2
Guest37536,2
Guest46992,2
Guest46715,2
Guest4386,2
Guest43071,2
Guest39513,2
Guest39146,2
Guest38114,2
Guest37697,2
Guest3619,2
Guest25066,2
Guest35350,2
Guest33922,2
Guest31465,2
Guest30401,2
Guest27759,2
Guest27437,2
Guest27413,2
Guest2622,2
Govna,2
GoldenTiger,2
Godbert,2
DirtyCamel,2
EternalBlue,2
Estreliy,2
Espeon,2
Escobar_,2
Erika,2
Endobunny,2
EinsteinDeeznutz,2
Dips,2
ENCODe8128,2
Giellez,2
Discobisco,2
Dumpz,2
Djsksjsjskzk,2
Driftm,2
Draakon,2
Dr_Kraken,2
Dorian66,2
DoomGoat1000,2
Ethna,2
Ewhore,2
ExclusaCT,2
FSEmber,2
GhostymcSkid,2
Depression,2
GhostProtocol,2
DerCally,2
Detox,2
Gabe,2
GJI,2
G3N1U5,2
FreeAnons-389,2
Flu,2
Flexxy,2
Fitz,2
FireRoot,2
FireLine,2
Fellinaro,2
FaithWarrior,2
Fafa,2
Guest47583,2
Guest50979,2
MI-Haxors,2
Dave,2
Darkthunder1011,2
Kal-El,2
KONSLET,2
K4l1NUX,2
Darkvisitor01,2
Juicy,2
Johndeep,2
JohnDee,2
Jay,2
Kim-Jong-Un,2
Jaggu,2
Jack,2
JQuery_UnrealSecurity,2
JLee,2
Iwishihadmoney,2
ItAintMyFault,2
Iron1,2
Iris,2
Kevium,2
Kitkat2,2
Guest51809,2
LokiCodex,2
MARTIN0S,2
M4rshM3ll0w,2
M4rcus,2
M0nkeyl0rd1,2
LulzShip,2
Lovellly,2
LordOfGallifrey,2
LoneWol4,2
LokiAerona,2
Knowhere,2
LizardBoy,2
DarkLink_,2
LiquidGas,2
Libertador,2
L_GreyHat_Hacker,2
Ksmoosh,2
Darkoverlord,2
Kr0nix,2
InsaneTheory,2
Ink,2
Ilariosism_,2
Guest64165,2
Hacker,2
HackRoot,2
H4ckB3nj4m1n,2
Guest7482,2
Guest716,2
Guest6562,2
Guest65194,2
Guest64455,2
Guest64037,2
DeadFloyd,2
Guest61104,2
Guest60959,2
Guest60322,2
Guest57044,2
Guest56003,2
Guest55912,2
Guest53524,2
Guest52793,2
Hadeon,2
Haha,2
Havok5,2
Deflate,2
Ika,2
Icant,2
IamGod,2
I_silent_I,2
IRoachI,2
INGSOC,2
I3xpl0it,2
Hunter__,2
HugeAGC,2
Horriblewolf,2
HollowRiddler,2
HoaxSnowden,2
Hitchcock2,2
Hillary,2
Hidoun,2
HerpDerpDerpperpPerp,2
Heimdall,2
ashfall533316c,2
babyfleshlight,2
auryn,2
epsilon_synapse,2
electrode,2
elposito,2
dawn,2
eluu,2
datahotdog,2
BrainLss,2
dasauto,2
bluestar,2
gluck,2
darkon3,2
bo[e]ss,2
dark_,2
ghost_machine,2
darich,2
eskek,2
bootoagoose,2
glow,2
Bloodlust,2
bhb,2
h3r3tic17,2
bi0,2
hacker8,2
devoxmf,2
Blackwolf,2
eX-,2
easy_k,2
bingbang,2
bisexualbitch,2
deathmeister,2
h383fja9,2
bl4ckn1g1t,2
elebuwa,2
guestanonang,2
bl4nk__,2
blackbaron,2
deeznutz0919,2
galileo,2
bug,2
bullet,2
fatbedriddenhacker,2
chan4,2
channel,2
crack_killz9891,2
frank,2
Bool-True,2
fagort,2
comandator,2
fatrat69,2
Boe,2
cod3bug,2
flex,2
cobra80,2
fl3m1ng,2
fawkitall22,2
cloner,2
clay,2
freakshow,2
crackernotrealcriminal,2
Biohazard,2
frierto,2
g67dfyuio6_,2
cyberillusion,2
eskereee,2
buttplug,2
bwa_oliver666,2
cryptcrawler,2
evilex,2
cHn,2
captain_morgan,2
fuckthefbi,2
crippa,2
cat,2
cdnxyz,2
centrumtuggare,2
f0x1,2
e,2
enigma,2
dugongo,2
dzexploit,2
domenico,2
hdhacker,2
heat_man,2
banony,2
hacktivist,2
dorn,2
dsr_sleeps_forreal_now,2
doodle,2
hackers,2
heater,2
doilonar,2
awen,2
Belfalas,2
hacksoncrack,2
bastetdgod,2
haksu,2
dfanimals,2
hackeranon,2
hardblocked,2
hazmat,2
Blackspyder,2
drpizzahut_,2
dmt_,2
HellFiireb,1
Heimdallr,1
temporaryinsanity,1
HellMmeber,1
drakoniano,1
Heisenberg,1
Kr0niX,1
drako-niano,1
HeavenGuard,1
Loxias,1
teemo,1
Hawk3y3,1
testing,1
tfm,1
Hawk,1
instinct,1
Deific,1
Harls,1
HappyAnon,1
DarkBleu,1
sha1,1
evilkaos,1
ethitech,1
eviIbox,1
technicolorrainbow,1
Hydr4,1
Husky[TestingPrograms],1
shakaboom,1
Amiras,1
Husky,1
Logan_,1
Hurensohn,1
dsr__,1
ipwn,1
Humppy,1
dsinouptu,1
t1g3r,1
Hu,1
iphonehaxrshit,1
Anjeel0o8_,1
Deeznutz09,1
HomRaOn,1
eth0byte,1
io-oi,1
BlaCkWid0w,1
takk,1
tanishq,1
HitMan,1
AnoLong,1
Highhat,1
HighHat,1
euph0ria,1
LuLZcifer,1
serv,1
Alpha666,1
inPurEtHougHT,1
doxeszz,1
inconspicuous,1
security-pixel,1
thu,1
Guest7050523811,1
thund3r0,1
thunder0,1
thunder_07,1
secta,1
ticklerick,1
Guest65044,1
Guest64717,1
tina,1
Alone,1
M0nkeyl0rd,1
fefef,1
Guest63619,1
Guest63082,1
sdogood,1
Guest62747,1
tonspion,1
Guest62735,1
Guest62507,1
Guest62122,1
totalRecall,1
Guest61894,1
Guest61291,1
Guest61156,1
Guest7862,1
Guest8266,1
Hairy_W33der,1
HA,1
Bjjn,1
Hagalaz,1
sexievonkat,1
thatsit,1
syriusz_black,1
HadeS,1
Darius,1
Hackx0rz,1
Lucy,1
f1d,1
f1r3bl00d,1
HUTRY,1
HTCiac_,1
infoel1te,1
Daisy,1
H3xpL0iD,1
H1R0,1
theflashlight,1
Aloopitu,1
thejoker,1
dpower,1
thelegend27,1
Guldan,1
Guest9181,1
Guest8920,1
thematrix101_,1
theravenproject,1
Lunatone,1
Hydra,1
swatnet,1
Hydra7,1
sylvannus,1
sinisterpatrician,1
sinfulhaze,1
Jousol,1
KuroNEKO,1
Jospeh,1
Josef_,1
Darkmans,1
Jolteon,1
something,1
james_harden,1
soon,1
ecorp,1
Jiggy8055,1
Datamoni,1
Jesus,1
Jes,1
edx,1
Jeebus,1
JebiWind,1
Jaynr0,1
L1GHTSP33D,1
eightcharallcaps,1
JasonBourne,1
DdosRolla,1
BlackSpyder,1
An0n_Gh0st,1
Darkb0t,1
elecphon,1
spikey,1
Kurcovski,1
Database__,1
JustAnotherRandomUser,1
Darkpawz,1
Korean_Error,1
Kongzted,1
BLACKHOSTING1,1
KrYnoMoRe,1
e1z0,1
sl,1
eLemenTz,1
jeh,1
KillerFrost,1
KraySea,1
slimswam,1
Khyle,1
slinky337,1
sm1l3y,1
e_,1
jason188,1
Kenshin,1
smiley,1
Keagan_,1
Darkthunder,1
Black_eye,1
Kanyas,1
KampalacyberArmy,1
jase3232,1
AndChat|16256,1
japanesecat4,1
KDK,1
sokitex,1
DeVirus,1
shubz,1
JM172,1
iris,1
erg0,1
sublim,1
Ihatemyiphone,1
DearUncleOsama,1
Death224,1
IceMan,1
erg0_,1
suicidebunny,1
isawps,1
irishsec_,1
BlackBoy,1
DeathLover666,1
shar69,1
shaoulin,1
eq8,1
Deathmachine,1
IHeartSpicDick,1
IHATEDONALDCHUMP,1
shamaniik96slick,1
supremacy,1
HzkR,1
Hysterion,1
shamaaniik96siciliano,1
swagl0l,1
swaglol,1
Kozmatic_,1
shakalaka,1
switch0z,1
LizD3stroy,1
ImpIndy,1
spksoft,1
dunno,1
electro,1
LUCIEFER,1
sputn1k,1
sqlbiker,1
J0hnDoe,1
ss1243,1
st,1
jacehall,1
Ivanov,1
Ivan,1
ItsCyberMask,1
j4m5,1
Angel,1
Ishmaeal_,1
Lithium,1
Isbwu,1
Irynue,1
LadyHeels,1
DarkPawz_,1
LexT,1
Lezzur,1
Inuyasha,1
dumbfag,1
fetitula_,1
Infinizy,1
InX,1
dulara,1
InVis1bLe,1
tr00l3m,1
Guest53329,1
fgswfewf,1
xpkill23,1
Furoset,1
Fury,1
G1itch,1
xlzt_,1
G4M3_0V3R,1
hkkksdfqe,1
xkcd,1
GabrielTago,1
Gala,1
xezy,1
xerxis,1
Galvantula,1
xenen,1
GambitX,1
GanNonymous,1
FunkFlex,1
Fulltrix,1
glen,1
xray_,1
yarr,1
Floky,1
h4d3s,1
yacopsae,1
yabadabado,1
Flu_,1
Fn4t1c,1
ForestDump,1
Fr0sty,1
Frankenstein,1
Devr,1
Fredd,1
FreeAnons-089,1
h4ck3[]r,1
FriesWithThat,1
Gast3r,1
Gaypal_,1
h0lyr3v3ng3,1
Desblood,1
wow_775,1
GrayC0ndor,1
GreenDot,1
Grz,1
Guest00001,1
Guest020293,1
woh,1
Guest1,1
godisdied,1
willywanker,1
willypenus,1
Guest11775,1
Guest12040,1
Guest12216,1
hwayong,1
huhu,1
Gr33n,1
gohyda,1
GhettoMochaMOtD,1
DesBlood,1
xV3n0m,1
Georgia-Pacific,1
AbleNova,1
Gh0st,1
xCryptX,1
Bastiodon,1
GovernmentMeltdown,1
guest314,1
wvrm,1
Bermuda,1
Betamonkey,1
gre1v,1
gr1ev_,1
historiador,1
yasbarh_,1
Beowulf,1
Ercrf,1
Edge,1
EgyHaxor_,1
EightSQ,1
hardblock,1
Einstein_,1
zetadroid,1
DionApak471992,1
Dino,1
Electabuzz,1
Emma,1
DimeloRubio,1
hansklausjoseph,1
Diggz74,1
ANRev_,1
Enteger,1
harm,1
Echsenmensch,1
ENG_,1
zxc,1
hellno123,1
|CyberDildo|,1
DovahKiin,1
{L},1
DragonsFlame,1
Dragoonov,1
Dreadlock,1
hera_,1
haxWizard,1
Dtrump,1
Dudes,1
Dyson,1
EC,1
harry_potter,1
Erami,1
Bencils,1
hacker-nikusha,1
halcon2802,1
yusufcoding,1
yrntr4y,1
yoyohoho,1
yournickname,1
FawkesRR5N_,1
Faye,1
yorin,1
yoram,1
yoloyolo234,1
Diablo,1
Fever_,1
ynoga,1
yhbtgv,1
Filth,1
DiXit,1
yzombies,1
FauxDeus,1
FatMan,1
Diako,1
hgr,1
DifferentKind,1
hi5,1
Benjx,1
Eureka,1
hackstar,1
F0rc1nG,1
hackerdz,1
FAFA101222,1
zDevoj,1
FDBSBGSB,1
FF,1
FREElibertade,1
z0xb7,1
Addon,1
Guest12833,1
trace0x,1
unnet,1
Guest40139,1
Guest41009,1
Guest41415,1
Guest42251,1
Guest42291,1
Guest42877,1
idosveicauhkgswr,1
Guest45031,1
uncitizen,1
Guest46222,1
Guest46238,1
Guest46306,1
Guest46319,1
Guest46428,1
BiosXG,1
Guest39873,1
Guest39696,1
Guest13555,1
Guest39174,1
vAnon,1
Guest34078,1
v3mz_,1
Guest34170,1
Guest34734,1
Guest34749,1
Guest35001,1
Guest3559,1
icedream,1
Guest36504,1
Guest37501,1
usr649,1
frostedstorm,1
friessssplease,1
idler,1
ihateuae,1
Guest47153,1
u0_a207,1
Guest47643,1
Guest56514,1
trusti,1
Guest56641,1
Guest56791,1
im_bored_as_fuck,1
Guest5736,1
Guest57395,1
Guest5741,1
Guest57896,1
trip,1
Guest59205,1
Guest5977,1
Guest60116,1
fire,1
Guest60847,1
Guest56164,1
fireball_722,1
Guest54776,1
Guest48707,1
forward2portiCe,1
Guest47958,1
Guest4832,1
Guest48484,1
Alboss_,1
twain,1
forkdisc,1
Guest53982,1
forgiven,1
ila,1
turtleplanet1,1
scudude,1
tulipBulb,1
Guest53837,1
Guest34072,1
Guest33940,1
fuser99zz,1
w3ap0n,1
giantfaggot,1
ghostnet12,1
Guest20473,1
Guest21673,1
Guest21709,1
gh0st223322,1
Guest21821,1
Guest22456,1
george_washington,1
Guest22544,1
wakemeup_,1
generated,1
Guest23070,1
garlic,1
gala_,1
Guest19337,1
weedexelite,1
Guest1924,1
Guest16572,1
Guest13820,1
Guest14142,1
BaraSec,1
Guest14945,1
Guest15400,1
gk,1
i,1
weedexx,1
Guest17586,1
Guest18200,1
gillman,1
weird,1
giga,1
Guest19225,1
Guest2378,1
Guest23924,1
Guest32056,1
BigZboubdu13,1
Guest29344,1
vigilantanon,1
vic_tor,1
viM,1
Guest30311,1
g30,1
AgentCarmichael,1
venji,1
Guest30898,1
Guest31197,1
variable,1
Guest31358,1
vaporiser,1
future,1
Guest3180,1
Guest29304,1
Guest29177,1
AfroSamurai,1
g3ng4r,1
i_man_i_grrrr,1
w1mp1k1ng,1
Guest25352,1
Guest25449,1
Guest26091,1
Guest27262,1
ibfehtkcuf,1
Guest2883,1
g3n,1
Guest27946,1
Guest28104,1
Guest28534,1
Guest28698,1
vision,1
joes,1
sampson,1
sctt,1
Ultra,1
breaking_beaker,1
br1ckwall,1
V01D,1
boredom,1
need,1
ValyriaRising,1
VanDijik,1
Vaze,1
ndas_mu,1
Veelzato,1
boi,1
VienVien,1
nawel,1
Viper,1
Virizion,1
UncleSebbyAkaNightowl,1
UFO,1
komar,1
Tyranny,1
Thwyre,1
Toomuchhh,1
TopK3kSql,1
Chuck,1
Topostpic,1
bunz-,1
AntiSec,1
nhj34,1
l0pid,1
Tranquill,1
TrendMend,1
Trojan,1
TxG_,1
l0ve_,1
l1b3r7y,1
Vital_Error,1
Voidvamp,1
lame_tie,1
naDxV2,1
mybotirc,1
WhiteHorse,1
my5t3ri0n,1
my,1
WhiteRabbit,1
mustd,1
Charmeleon,1
muser,1
blank,1
Apollion,1
lazi_,1
Apolo,1
blackpanther,1
WrathKing,1
X,1
blazingby,1
myya,1
WhereisGod,1
laozi,1
naDx,1
Ap0l0gy,1
Voxsa,1
W01F,1
lana_del_fail,1
n3mesis,1
Wahwah,1
blr0,1
bnw443,1
n0t_s4fe,1
ApexSonic,1
n0m4d,1
CheatCodes44,1
blue_shark,1
nicklas_,1
kyoto,1
kyle_von_mitre,1
Szycha_,1
Storm_bit,1
StupidOwL,1
Subzero,1
oida,1
koxzi,1
SudoSue,1
obl1v10n,1
SugarYesPlease,1
ch4se,1
Sungmaster_,1
SurlyAn0n,1
ceyhun,1
nvmnd,1
Co3B,1
SysRQ,1
StelveFlame_,1
SquadraSec,1
ology,1
onion69,1
SnowWire,1
Snowwhite,1
konshens,1
Anonymous_Forseti__,1
charlie,1
Cock_lover,1
oneabove,1
SqlMast3r,1
Spartan76,1
character,1
SpawqHK_,1
ominitric_,1
Spl0it,1
olos16,1
Syzygy,1
T-Tracker,1
The_Joker,1
nullsign,1
TheBlackPerkins,1
kurobeats,1
TheDark,1
bzcat,1
TheDoktor,1
TheElephant-,1
TheFlyingdutchMan,1
Cicada3301,1
TheOneAndOnlyLE,1
buzzer,1
TheRonja,1
nilol,1
TheSt0ne,1
TheWizard,1
The_GG9,1
c4ndy,1
TheATeam,1
Tha_Format,1
AnonzChatdmin,1
cereal_killer,1
Cm,1
krew7,1
TanosTurok,1
TanpaNama,1
krpol1n1,1
Tenor144,1
Th3F477y,1
Termux,1
Tesla,1
nopriv,1
cantor,1
ksndrs,1
Tg2x,1
X4K5R6,1
XXKKXS_,1
XXX,1
anoncops,1
bbygurl666_,1
Byoverall,1
m4j0r_ph03n1x,1
lious,1
bbqomgomgomg,1
bboy,1
ByPasS,1
anon357,1
m0rr0w1nd,1
m0rpeth,1
ButterAnon,1
badka,1
anon_vlad,1
Butt_Licker,1
m,1
anomuxer,1
m8,1
beast,1
C1vil,1
amin__,1
Arxinion,1
lina,1
amirali,1
majnu,1
benji258456,1
an0ne,1
m_a_n_2263_,1
ananymous,1
beatnix,1
andromeda,1
andthenewone,1
C,1
Bypass14H4k3s,1
backgammon3,1
luyimbazi222,1
amidmb,1
anondawo65,1
anonymous_dude,1
anton,1
babayetu,1
antonyokay_,1
aouser,1
bXMxNzAxMA,1
BuZ,1
Bruxxa,1
longpiper,1
arm_legi_,1
loman,1
b1lly,1
asda,1
logix,1
askjdjskaldjkla,1
louis_,1
anonymous__nl,1
anonymous007,1
anonkiller,1
luminem,1
anonh32,1
lulzcat,1
Auri,1
lulz3r,1
anonkash,1
anonlicorne,1
lucky123,1
anonmech_,1
anonsathira,1
anonx7,1
anonym_boy,1
anonymiss,1
anonymo,1
mamoppomap,1
liketop,1
XeonGames,1
ArcIsWeird,1
Zer0c00l,1
Zero1,1
mno,1
Zey,1
[,1
[Blank},1
mirdriod,1
[EXIT],1
minut,1
[][][][][][]UNKNOWN,1
Captain_Dreeble,1
milimeterpeter,1
miklepro,1
^7,1
^_^,1
Zcourage,1
Zac0de,1
CedEagle09,1
mr5h33pd06,1
Xero07,1
mrl0calh0st,1
Xmous_021,1
Xnanc,1
blackmoney,1
mrEttah,1
moveax1,1
Z3r05um,1
A0R61,1
Yaroy,1
Yayasmile,1
Z0d1ac,1
moroan2,1
morfeo,1
mickersRnigger,1
binexe,1
alien,1
Archeops,1
lesyos,1
adam,1
bigassnigga,1
agentguy51,1
bi0h4z4rd_,1
ArmaGeddON1,1
ahmadTN78__,1
max_1827352344464554,1
Aventurepix,1
ajb,1
bhsanon,1
Articulus,1
al1c3,1
lggamer,1
besthackofminecraft,1
acms,1
billy,1
CHACON_1,1
CTF_Pro,1
metraya,1
______iCeland,1
legacy5014_,1
a274856,1
lel,1
meta,1
a4n4k1n,1
abcd,1
aXa,1
mercy,1
lem,1
lemiwin,1
aanon,1
abandoned,1
Snapp,1
Skyy_,1
doremifasolatido,1
dekcahnu,1
Cybermonkey,1
defeatcorruption__,1
Nivin,1
Nivinpauly,1
CyberPl4gue,1
AnonPerZeus75,1
razorwire,1
BIgPapaIstelok,1
Noniod,1
Noram,1
NotSoNewGuy,1
CyberLycan_,1
ravenwood,1
ratchet-tweak-pup,1
Nova,1
redhat,1
Nightwing,1
optional,1
Cyn1KaL,1
Blaster,1
Ne0,1
Neutral,1
rewez,1
NewAnon89,1
Nibbles,1
derp_,1
retardlugi,1
delac,1
NiggyPiggy,1
renzhe,1
regyroman,1
reganoy3,1
Cyrwac,1
redsecopss,1
Novak,1
ranso_master,1
AnonPerZeus75_,1
Ntt2k3,1
P45_86,1
PHrecon,1
AnonUMM,1
r00t3d,1
datas,1
CryptoPunk9,1
Parrot,1
Patch224ddos_,1
quox,1
darkprotocol,1
Pedbuster,1
Pedocatcher_,1
PepeAnon,1
Perp,1
Perzeus__,1
ddd,1
kalel,1
deadloop,1
OpenMinded,1
Nuisance,1
O3pn,1
OldHolborn,1
deeznutz69,1
OneTwoThree,1
deeznutz09,1
OpenMinded_,1
Cx7Face,1
OpenSky,1
B4ckd00r,1
deep,1
dedocne_,1
BloodMoney_,1
AnonSathira__,1
ringokidd,1
NathanJohn,1
D3m3ntor_apprentice_,1
Minecraftkiddo,1
Maverick,1
johnieaction,1
dodingdaga,1
aspital,1
Blackspider_,1
samaritan,1
dmtr,1
McBaBy,1
MeCk,1
Mephistophel,1
MercyBot2,1
saffron,1
MercyBot3,1
Meree1,1
Meron,1
DRIFTM_,1
Marine2ic,1
Anon1,1
scip,1
scriptkid0,1
MRPink,1
Macig7,1
screamofx,1
Madchen,1
Madformustangs,1
Madmax,1
dom38257,1
scarva,1
Magicneitorkappa,1
Magnetic,1
DRIVPARM,1
Maniac,1
Mapuke,1
Messenger,1
MiraisMessenger,1
NYD0P3,1
s3rv3r,1
rong,1
DEXMachina,1
Mrandersonx9,1
D4,1
rollx,1
Mrx32d,1
MuNk_,1
roland0,1
jumper,1
Myth,1
NC,1
deso_tfa,1
NL,1
rnon,1
rms,1
MrQuaks,1
dialtone,1
MrAmps,1
DJDive,1
s1rlancelot,1
Miro,1
Mishir,1
MissGoogle,1
Mitt_Romney,1
Mlssouri,1
MoMo,1
dkiller,1
MobileRabbit,1
roundPyramid,1
roslyn,1
jordanmencel,1
MorPh,1
rootsec,1
Crssxx666,1
pwvhrkt,1
pwned,1
pancake,1
SAM,1
Anonymous38375,1
SCorPIon2K,1
SHADOW_KILLA_,1
codeexec,1
paul,1
Sage,1
Saito,1
patrick_bateman,1
Boon,1
Salsa,1
parapam,1
Salvas,1
Sauce,1
SavageLife,1
peeco,1
cojwkeon,1
S4bb3,1
RootsInGround,1
phantom,1
phant0m,1
RootEm,1
pgper,1
RootSec,1
Rooted,1
Corgitabundus,1
penumbra,1
petite_banana,1
Rrandomm_,1
Anonymous101110,1
Russe,1
S1GSEGV,1
Coolboy46,1
panda,1
pakak,1
Romulus,1
Comton,1
chemra,1
owl,1
Shisui,1
chemist,1
Sidamental,1
Coded666,1
SilverGhost,1
oss_,1
SirDaniel,1
kolkosi,1
orphanage,1
orphan,1
orojectm,1
Six,1
Skinner,1
Shinjin,1
Shermadini,1
Sheinev,1
Seismic_Wave,1
Sayano_,1
Azael,1
Scuti,1
clara,1
ckD23D,1
ck1ck2ck3_ll,1
p3rse,1
ShadyBro,1
Cogifatbundus,1
Boroko,1
Sex,1
Cody,1
SgtStroopwafel,1
ciapaty,1
phartusion,1
khunbish,1
PickMe12_,1
Raiden,1
prometheus,1
prokrat2,1
karuu6,1
Pussyeater282973,1
PyroThrill,1
QuantiComm,1
QwertyFish,1
pr0m37h3u51,1
katien,1
R4ND0M,1
REBEL1916_,1
ROMEO,1
hellboy,1
RTL,1
Rage,1
pronoob,1
Psycl_Ops,1
czateriaxxxx,1
Posthumus,1
PilotBlu,1
Pipe_Dreams,1
PirateJob,1
PoeticM0tion,1
dakka,1
Poseidon,1
pulse^,1
d00mnuk3,1
Crook,1
psyship,1
psychoducky,1
d3fault,1
Poxer,1
Pr0nn,1
RageJedi_,1
RandomAnon,1
phenzen,1
curtain,1
pissy,1
kerb,1
Rev0lt,1
pinappletits,1
Crackdoesnkill,1
pikold,1
pickledeggs,1
crgrtn,1
Rijndael,1
phreak1,1
Riot,1
Rivalized,1
crakstat,1
phr33k3r,1
crackerjax,1
RetardedGlass,1
pixelkarma,1
Reliix,1
crysh,1
pompidum,1
Rap_God,1
Raphiros,1
RapidFire,1
keagan,1
Rassmasta,1
Ravmeister,1
cruzi,1
crypt,1
RedGhost,1
plasmar,1
plank,1
RedOperation,1
Red[Fox],1
hell0,1
